-- MySQL dump 10.13  Distrib 8.0.43, for Win64 (x86_64)
--
-- Host: localhost    Database: good_job
-- ------------------------------------------------------
-- Server version	8.0.43

-- 데이터베이스 선택
USE `good_job_test`;

/*!40101 SET @OLD_CHARACTER_SET_CLIENT=@@CHARACTER_SET_CLIENT */;
/*!40101 SET @OLD_CHARACTER_SET_RESULTS=@@CHARACTER_SET_RESULTS */;
/*!40101 SET @OLD_COLLATION_CONNECTION=@@COLLATION_CONNECTION */;
/*!50503 SET NAMES utf8 */;
/*!40103 SET @OLD_TIME_ZONE=@@TIME_ZONE */;
/*!40103 SET TIME_ZONE='+00:00' */;
/*!40014 SET @OLD_UNIQUE_CHECKS=@@UNIQUE_CHECKS, UNIQUE_CHECKS=0 */;
/*!40014 SET @OLD_FOREIGN_KEY_CHECKS=@@FOREIGN_KEY_CHECKS, FOREIGN_KEY_CHECKS=0 */;
/*!40101 SET @OLD_SQL_MODE=@@SQL_MODE, SQL_MODE='NO_AUTO_VALUE_ON_ZERO' */;
/*!40111 SET @OLD_SQL_NOTES=@@SQL_NOTES, SQL_NOTES=0 */;

-- =====================================================
-- 기본 데이터 삽입 (INSERT 문)
-- =====================================================

-- 연봉 범위 데이터 (200만원 단위)
INSERT INTO `salary_range` (`idx`, `min_salary`, `display_text`) VALUES
(1, 16000000, '1,600만원 이상'),
(2, 18000000, '1,800만원 이상'),
(3, 20000000, '2,000만원 이상'),
(4, 22000000, '2,200만원 이상'),
(5, 24000000, '2,400만원 이상'),
(6, 26000000, '2,600만원 이상'),
(7, 28000000, '2,800만원 이상'),
(8, 30000000, '3,000만원 이상'),
(9, 32000000, '3,200만원 이상'),
(10, 34000000, '3,400만원 이상'),
(11, 36000000, '3,600만원 이상'),
(12, 38000000, '3,800만원 이상'),
(13, 40000000, '4,000만원 이상'),
(14, 42000000, '4,200만원 이상'),
(15, 44000000, '4,400만원 이상'),
(16, 46000000, '4,600만원 이상'),
(17, 48000000, '4,800만원 이상'),
(18, 50000000, '5,000만원 이상'),
(19, 52000000, '5,200만원 이상'),
(20, 54000000, '5,400만원 이상'),
(21, 56000000, '5,600만원 이상'),
(22, 58000000, '5,800만원 이상'),
(23, 60000000, '6,000만원 이상'),
(24, 62000000, '6,200만원 이상'),
(25, 64000000, '6,400만원 이상'),
(26, 66000000, '6,600만원 이상'),
(27, 68000000, '6,800만원 이상'),
(28, 70000000, '7,000만원 이상'),
(29, 72000000, '7,200만원 이상'),
(30, 74000000, '7,400만원 이상'),
(31, 76000000, '7,600만원 이상'),
(32, 78000000, '7,800만원 이상'),
(33, 80000000, '8,000만원 이상'),
(34, 82000000, '8,200만원 이상'),
(35, 84000000, '8,400만원 이상'),
(36, 86000000, '8,600만원 이상'),
(37, 88000000, '8,800만원 이상'),
(38, 90000000, '9,000만원 이상'),
(39, 92000000, '9,200만원 이상'),
(40, 94000000, '9,400만원 이상'),
(41, 96000000, '9,600만원 이상'),
(42, 98000000, '9,800만원 이상'),
(43, 100000000, '1억원 이상');

-- 시도 데이터
INSERT INTO `sido` (`sido_code`, `sido_name`) VALUES
('00', '전국'),
('11', '서울특별시'),
('21', '부산광역시'),
('22', '대구광역시'),
('23', '인천광역시'),
('24', '광주광역시'),
('25', '대전광역시'),
('26', '울산광역시'),
('29', '세종특별자치시'),
('31', '경기도'),
('32', '강원도'),
('33', '충청북도'),
('34', '충청남도'),
('35', '전라북도'),
('36', '전라남도'),
('37', '경상북도'),
('38', '경상남도'),
('39', '제주특별자치도');

-- 구 데이터 (서울특별시)
INSERT INTO `gu` (`gu_code`, `gu_name`, `sido_code`) VALUES
('11110', '종로구', '11'),
('11140', '중구', '11'),
('11170', '용산구', '11'),
('11200', '성동구', '11'),
('11215', '광진구', '11'),
('11230', '동대문구', '11'),
('11260', '중랑구', '11'),
('11290', '성북구', '11'),
('11305', '강북구', '11'),
('11320', '도봉구', '11'),
('11350', '노원구', '11'),
('11380', '은평구', '11'),
('11410', '서대문구', '11'),
('11440', '마포구', '11'),
('11470', '양천구', '11'),
('11500', '강서구', '11'),
('11530', '구로구', '11'),
('11545', '금천구', '11'),
('11560', '영등포구', '11'),
('11590', '동작구', '11'),
('11620', '관악구', '11'),
('11650', '서초구', '11'),
('11680', '강남구', '11'),
('11710', '송파구', '11'),
('11740', '강동구', '11');

-- 구 데이터 (부산광역시)
INSERT INTO `gu` (`gu_code`, `gu_name`, `sido_code`) VALUES
('26110', '중구', '21'),
('26140', '서구', '21'),
('26170', '동구', '21'),
('26200', '영도구', '21'),
('26230', '부산진구', '21'),
('26260', '동래구', '21'),
('26290', '남구', '21'),
('26320', '북구', '21'),
('26350', '해운대구', '21'),
('26380', '사하구', '21'),
('26410', '금정구', '21'),
('26440', '강서구', '21'),
('26470', '연제구', '21'),
('26500', '수영구', '21'),
('26530', '사상구', '21'),
('26710', '기장군', '21');

-- 구 데이터 (대구광역시)
INSERT INTO `gu` (`gu_code`, `gu_name`, `sido_code`) VALUES
('27110', '중구', '22'),
('27140', '동구', '22'),
('27170', '서구', '22'),
('27200', '남구', '22'),
('27230', '북구', '22'),
('27260', '수성구', '22'),
('27290', '달서구', '22'),
('27710', '달성군', '22'),
('27720', '군위군', '22');

-- 구 데이터 (인천광역시)
INSERT INTO `gu` (`gu_code`, `gu_name`, `sido_code`) VALUES
('28110', '중구', '23'),
('28140', '동구', '23'),
('28177', '미추홀구', '23'),
('28185', '연수구', '23'),
('28200', '남동구', '23'),
('28237', '부평구', '23'),
('28245', '계양구', '23'),
('28260', '서구', '23'),
('28710', '강화군', '23'),
('28720', '옹진군', '23');

-- 구 데이터 (광주광역시)
INSERT INTO `gu` (`gu_code`, `gu_name`, `sido_code`) VALUES
('29110', '동구', '24'),
('29140', '서구', '24'),
('29155', '남구', '24'),
('29170', '북구', '24'),
('29200', '광산구', '24');

-- 구 데이터 (대전광역시)
INSERT INTO `gu` (`gu_code`, `gu_name`, `sido_code`) VALUES
('30110', '동구', '25'),
('30140', '중구', '25'),
('30170', '서구', '25'),
('30200', '유성구', '25'),
('30230', '대덕구', '25');

-- 구 데이터 (울산광역시)
INSERT INTO `gu` (`gu_code`, `gu_name`, `sido_code`) VALUES
('31110', '중구', '26'),
('31140', '남구', '26'),
('31170', '동구', '26'),
('31200', '북구', '26'),
('31710', '울주군', '26');

-- 구 데이터 (세종특별자치시)
INSERT INTO `gu` (`gu_code`, `gu_name`, `sido_code`) VALUES
('36110', '세종특별자치시', '29');

-- 구 데이터 (경기도)
INSERT INTO `gu` (`gu_code`, `gu_name`, `sido_code`) VALUES
('41111', '수원시 장안구', '31'),
('41113', '수원시 권선구', '31'),
('41115', '수원시 팔달구', '31'),
('41117', '수원시 영통구', '31'),
('41131', '성남시 수정구', '31'),
('41133', '성남시 중원구', '31'),
('41135', '성남시 분당구', '31'),
('41150', '의정부시', '31'),
('41171', '안양시 만안구', '31'),
('41173', '안양시 동안구', '31'),
('41192', '부천시 원미구', '31'),
('41194', '부천시 소사구', '31'),
('41196', '부천시 오정구', '31'),
('41210', '광명시', '31'),
('41220', '평택시', '31'),
('41250', '동두천시', '31'),
('41271', '안산시 상록구', '31'),
('41273', '안산시 단원구', '31'),
('41281', '고양시 덕양구', '31'),
('41285', '고양시 일산동구', '31'),
('41287', '고양시 일산서구', '31'),
('41290', '과천시', '31'),
('41310', '구리시', '31'),
('41360', '남양주시', '31'),
('41370', '오산시', '31'),
('41390', '시흥시', '31'),
('41410', '군포시', '31'),
('41430', '의왕시', '31'),
('41450', '하남시', '31'),
('41461', '용인시 처인구', '31'),
('41463', '용인시 기흥구', '31'),
('41465', '용인시 수지구', '31'),
('41480', '파주시', '31'),
('41500', '이천시', '31'),
('41550', '안성시', '31'),
('41570', '김포시', '31'),
('41590', '화성시', '31'),
('41610', '광주시', '31'),
('41630', '양주시', '31'),
('41650', '포천시', '31'),
('41670', '여주시', '31'),
('41800', '연천군', '31'),
('41820', '가평군', '31'),
('41830', '양평군', '31');

-- 구 데이터 (강원도)
INSERT INTO `gu` (`gu_code`, `gu_name`, `sido_code`) VALUES
('51110', '춘천시', '32'),
('51130', '원주시', '32'),
('51150', '강릉시', '32'),
('51170', '동해시', '32'),
('51190', '태백시', '32'),
('51210', '속초시', '32'),
('51230', '삼척시', '32'),
('51720', '홍천군', '32'),
('51730', '횡성군', '32'),
('51750', '영월군', '32'),
('51760', '평창군', '32'),
('51770', '정선군', '32'),
('51780', '철원군', '32'),
('51790', '화천군', '32'),
('51800', '양구군', '32'),
('51810', '인제군', '32'),
('51820', '고성군', '32'),
('51830', '양양군', '32');

-- 구 데이터 (충청북도)
INSERT INTO `gu` (`gu_code`, `gu_name`, `sido_code`) VALUES
('43111', '청주시 상당구', '33'),
('43112', '청주시 서원구', '33'),
('43113', '청주시 흥덕구', '33'),
('43114', '청주시 청원구', '33'),
('43130', '충주시', '33'),
('43150', '제천시', '33'),
('43720', '보은군', '33'),
('43730', '옥천군', '33'),
('43740', '영동군', '33'),
('43745', '증평군', '33'),
('43750', '진천군', '33'),
('43760', '괴산군', '33'),
('43770', '음성군', '33'),
('43800', '단양군', '33');

-- 구 데이터 (충청남도)
INSERT INTO `gu` (`gu_code`, `gu_name`, `sido_code`) VALUES
('44131', '천안시 동남구', '34'),
('44133', '천안시 서북구', '34'),
('44150', '공주시', '34'),
('44180', '보령시', '34'),
('44200', '아산시', '34'),
('44210', '서산시', '34'),
('44230', '논산시', '34'),
('44250', '계룡시', '34'),
('44270', '당진시', '34'),
('44710', '금산군', '34'),
('44760', '부여군', '34'),
('44770', '서천군', '34'),
('44790', '청양군', '34'),
('44800', '홍성군', '34'),
('44810', '예산군', '34'),
('44825', '태안군', '34');

-- 구 데이터 (전라북도)
INSERT INTO `gu` (`gu_code`, `gu_name`, `sido_code`) VALUES
('52111', '전주시 완산구', '35'),
('52113', '전주시 덕진구', '35'),
('52130', '군산시', '35'),
('52140', '익산시', '35'),
('52180', '정읍시', '35'),
('52190', '남원시', '35'),
('52210', '김제시', '35'),
('52710', '완주군', '35'),
('52720', '진안군', '35'),
('52730', '무주군', '35'),
('52740', '장수군', '35'),
('52750', '임실군', '35'),
('52770', '순창군', '35'),
('52790', '고창군', '35'),
('52800', '부안군', '35');

-- 구 데이터 (전라남도)
INSERT INTO `gu` (`gu_code`, `gu_name`, `sido_code`) VALUES
('46110', '목포시', '36'),
('46130', '여수시', '36'),
('46150', '순천시', '36'),
('46170', '나주시', '36'),
('46230', '광양시', '36'),
('46710', '담양군', '36'),
('46720', '곡성군', '36'),
('46730', '구례군', '36'),
('46770', '고흥군', '36'),
('46780', '보성군', '36'),
('46790', '화순군', '36'),
('46800', '장흥군', '36'),
('46810', '강진군', '36'),
('46820', '해남군', '36'),
('46830', '영암군', '36'),
('46840', '무안군', '36'),
('46860', '함평군', '36'),
('46870', '영광군', '36'),
('46880', '장성군', '36'),
('46890', '완도군', '36'),
('46900', '진도군', '36'),
('46910', '신안군', '36');

-- 구 데이터 (경상북도)
INSERT INTO `gu` (`gu_code`, `gu_name`, `sido_code`) VALUES
('47111', '포항시 남구', '37'),
('47113', '포항시 북구', '37'),
('47130', '경주시', '37'),
('47150', '김천시', '37'),
('47170', '안동시', '37'),
('47190', '구미시', '37'),
('47210', '영주시', '37'),
('47230', '영천시', '37'),
('47250', '상주시', '37'),
('47280', '문경시', '37'),
('47290', '경산시', '37'),
('47730', '의성군', '37'),
('47750', '청송군', '37'),
('47760', '영양군', '37'),
('47770', '영덕군', '37'),
('47820', '청도군', '37'),
('47830', '고령군', '37'),
('47840', '성주군', '37'),
('47850', '칠곡군', '37'),
('47900', '예천군', '37'),
('47920', '봉화군', '37'),
('47930', '울진군', '37'),
('47940', '울릉군', '37');

-- 구 데이터 (경상남도)
INSERT INTO `gu` (`gu_code`, `gu_name`, `sido_code`) VALUES
('48121', '창원시 의창구', '38'),
('48123', '창원시 성산구', '38'),
('48125', '창원시 마산합포구', '38'),
('48127', '창원시 마산회원구', '38'),
('48129', '창원시 진해구', '38'),
('48170', '진주시', '38'),
('48220', '통영시', '38'),
('48240', '사천시', '38'),
('48250', '김해시', '38'),
('48270', '밀양시', '38'),
('48310', '거제시', '38'),
('48330', '양산시', '38'),
('48720', '의령군', '38'),
('48730', '함안군', '38'),
('48740', '창녕군', '38'),
('48820', '고성군', '38'),
('48840', '남해군', '38'),
('48850', '하동군', '38'),
('48860', '산청군', '38'),
('48870', '함양군', '38'),
('48880', '거창군', '38'),
('48890', '합천군', '38');

-- 구 데이터 (제주특별자치도)
INSERT INTO `gu` (`gu_code`, `gu_name`, `sido_code`) VALUES
('50110', '제주시', '39'),
('50130', '서귀포시', '39');

-- 경력 유형 데이터
INSERT INTO `career_type` (`idx`, `code`, `name`) VALUES
(1, 'ENTRY', '신입'),
(2, '1_TO_3', '1~3년'),
(3, '3_TO_5', '3~5년'),
(4, '5_TO_10', '5~10년'),
(5, 'OVER_10', '10년 이상');

-- 교육 수준 데이터
INSERT INTO `education_level` (`idx`, `code`, `name`) VALUES
(1, 'HIGH', '고등학교'),
(2, 'COLLEGE', '전문대학'),
(3, 'BACHELOR', '대학교'),
(4, 'MASTER', '석사'),
(5, 'DOCTOR', '박사');

-- 고용 유형 데이터
INSERT INTO `employment_type` (`idx`, `code`, `name`, `description`) VALUES
(1, 'FULL_TIME', '정규직', '정규직'),
(2, 'CONTRACT', '계약직', '계약직'),
(3, 'MILITARY_SPECIAL', '병역특례', '병역특례'),
(4, 'INTERN', '인턴직', '인턴직'),
(5, 'PART_TIME', '아르바이트', '아르바이트'),
(6, 'DISPATCH', '파견직', '파견직'),
(7, 'OVERSEAS', '해외취업', '해외취업'),
(8, 'CONSULTANT', '위촉직', '위촉직'),
(9, 'FREELANCE', '프리랜서', '프리랜서'),
(10, 'CONTRACT_CONVERTIBLE', '계약직 (정규직 전환가능)', '계약직 (정규직 전환가능)'),
(11, 'INTERN_CONVERTIBLE', '인턴직 (정규직 전환가능)', '인턴직 (정규직 전환가능)'),
(12, 'TRAINEE', '교육생', '교육생'),
(13, 'SPECIAL_APPOINTMENT', '별정직', '별정직'),
(14, 'PART', '파트', '파트'),
(15, 'FULL_TIME_ACADEMIC', '전임', '전임'),
(16, 'FIXED_TERM', '기간제', '기간제'),
(17, 'UNLIMITED_CONTRACT', '무기계약직', '무기계약직'),
(18, 'PROFESSIONAL_CONTRACT', '전문계약직', '전문계약직'),
(19, 'PROFESSIONAL_RESEARCH', '전문연구요원', '전문연구요원'),
(20, 'INDUSTRIAL_TECHNICAL', '산업기능요원', '산업기능요원'),
(21, 'ACTIVE_DUTY', '현역', '현역'),
(22, 'SUPPLEMENTARY', '보충역', '보충역');

-- 기업 유형 데이터
INSERT INTO `company_type` (`id`, `name`) VALUES
('LG', '대기업'),
('MD', '중견기업'),
('SM', '중소기업'),
('ST', '스타트업'),
('GV', '공공기관'),
('ED', '교육기관'),
('NG', '비영리기관');

-- 법인 유형 데이터
INSERT INTO `corporate_entity` (`idx`, `code`, `name`) VALUES
(1, 'NONE', '해당없음'),
(2, 'CORP', '주식회사'),
(3, 'SOLE', '개인사업자'),
(4, 'GOVT', '정부기관'),
(5, 'FOUNDATION', '사단법인'),
(6, 'CORPORATE_FOUNDATION', '재단법인'),
(7, 'EXTERNAL_AUDIT', '외부감사법인');

-- 외국계 기업 데이터
INSERT INTO `foreign_affiliation` (`idx`, `code`, `name`) VALUES
(1, 'NONE', '해당없음'),
(2, 'FOREIGN_INVESTMENT', '외국인 투자'),
(3, 'FOREIGN_CORPORATION', '외국인법인기업');

-- 기관 유형 데이터
INSERT INTO `institution_type` (`idx`, `code`, `name`) VALUES
(1, 'NONE', '해당없음'),
(2, 'PUBLIC_COMPANY', '공사,공기업'),
(3, 'RESEARCH', '연구소'),
(4, 'EDUCATION', '학교,교육기관'),
(5, 'WELFARE', '사회복지기관'),
(6, 'FINANCIAL', '금융기관'),
(7, 'NON_PROFIT', '비영리단체,협회'),
(8, 'MEDICAL', '병원,의료기관');

-- 법적 구조 데이터
INSERT INTO `legal_structure` (`idx`, `code`, `name`) VALUES
(1, 'NONE', '해당없음'),
(2, 'CORPORATION', '주식회사'),
(3, 'LIMITED_COMPANY', '유한회사'),
(4, 'COOPERATIVE', '협동조합');

-- =====================================================
-- 샘플 사용자 데이터
-- =====================================================

-- 기본 사용자 데이터 (개인회원 2명, 기업회원 2명)
INSERT INTO `users` (`idx`, `name`, `phone`, `email`, `short_bio`, `bio`, `created_at`, `updated_at`) VALUES
(1, '김개발', '010-1234-5678', 'kim.dev@example.com', '3년차 백엔드 개발자', '안녕하세요. Node.js와 Python을 주로 다루는 백엔드 개발자입니다.', NOW(), NULL),
(2, '이디자인', '010-2345-6789', 'lee.design@example.com', 'UI/UX 디자이너', 'Figma와 Adobe 툴을 활용한 디자인 전문가입니다.', NOW(), NULL),
(3, '테크스타트업', '010-3456-7890', 'contact@techstartup.com', '혁신적인 IT 솔루션 제공', NULL, NOW(), NULL),
(4, '글로벌기업', '010-4567-8901', 'hr@globalcorp.com', '글로벌 IT 서비스 기업', NULL, NOW(), NULL);

-- 기업 데이터
INSERT INTO `companies` (`idx`, `ceo_name`, `business_number`, `business_certificate_img_name`, `company_size_code`, `homepage`, `logo_img_name`, `benefits`, `is_certificated`, `is_export`, `foreign_affiliation`, `legal_structure`, `corporate_entity`, `institution_type`, `bio`, `vision`) VALUES
(1, '박대표', '1234567890', 'cert_techstartup.jpg', 'ST', 'https://techstartup.com', 'logo_tech.png', '4대 보험, 유연근무제, 교육비 지원', 0, 0, 1, 1, 1, 1, '혁신적인 IT 솔루션을 개발하는 스타트업입니다.', '기술로 세상을 바꾸겠습니다.'),
(2, '최CEO', '9876543210', 'cert_globalcorp.jpg', 'LG', 'https://globalcorp.com', 'logo_global.png', '4대 보험, 연봉제, 성과급, 해외연수', 1, 1, 1, 1, 1, 1, '글로벌 시장을 선도하는 IT 서비스 기업입니다.', '글로벌 No.1 IT 기업이 되겠습니다.');

-- 개인 회원 프로필
INSERT INTO `individual_profile` (`user_idx`, `desired_job`, `desired_sido`, `desired_salary`, `desired_gu`) VALUES
(1, 84, '11', 18, '11680'), -- 김개발: 백엔드/서버개발, 서울 강남구, 5,000만원 이상
(2, 1690, '11', 13, '11440'); -- 이디자인: UI/UX, 서울 마포구,  4,000만원 이상

-- 기업 회원 프로필
INSERT INTO `business_profile` (`user_idx`, `business_number`, `business_certificate_img_name`, `company_name`, `company_intro`, `id`, `password`, `ceo_name`, `address`) VALUES
(3, '1234567890', 'cert_techstartup.jpg', '테크스타트업', '혁신적인 IT 솔루션 개발', 'techstartup', 'password123', '박대표', '서울시 강남구 테헤란로 123'),
(4, '9876543210', 'cert_globalcorp.jpg', '글로벌기업', '글로벌 IT 서비스 제공', 'globalcorp', 'password456', '최CEO', '서울시 서초구 서초대로 456');

-- 이력서 데이터
INSERT INTO `resume` (`resume_id`, `user_id`, `title`, `created_at`, `updated_at`) VALUES
(1, 1, '김개발 - 백엔드 개발자 이력서', NOW(), NOW()),
(2, 2, '이디자인 - UI/UX 디자이너 포트폴리오', NOW(), NOW());

-- 학력 정보
INSERT INTO `educate` (`idx`, `user_idx`, `school_name`, `major`, `degree`, `start_date`, `end_date`, `is_current`) VALUES
(1, 1, '서울대학교', '컴퓨터공학과', 3, '2018-03-01', '2022-02-28', 0),
(2, 2, '홍익대학교', '시각디자인과', 3, '2019-03-01', '2023-02-28', 0);

-- 채용 공고 데이터
INSERT INTO `job_post` (`idx`, `business_number`, `title`, `employment_type`, `career_required`, `education_required`, `salary`, `location_sido`, `location_gu`, `work_hours`, `benefit`, `workplace_location`, `apply_deadline`, `apply_method`, `created_at`, `updated_at`) VALUES
(1, '1234567890', '백엔드 개발자 모집', 1, 2, 3, 18, '11', '11680', '09:00~18:00', '4대 보험, 유연근무제', '서울시 강남구', '2025-02-28 23:59:59', '온라인 지원', NOW(), NULL),
(2, '9876543210', 'UI/UX 디자이너 채용', 1, 2, 3, 13, '11', '11440', '09:30~18:30', '4대 보험, 교육비 지원', '서울시 마포구', '2025-03-15 23:59:59', '온라인 지원', NOW(), NULL);

-- 게시글 데이터
INSERT INTO `posts` (`post_idx`, `user_id`, `content`, `media_url`, `created_at`, `updated_at`) VALUES
(1, 1, '백엔드 개발 공부 중입니다. 좋은 자료 추천해주세요!', NULL, NOW(), NOW()),
(2, 2, '새로운 디자인 프로젝트 완료했습니다 🎨', 'design_project.jpg', NOW(), NOW());

-- 지원 내역
INSERT INTO `job_application` (`idx`, `user_idx`, `job_post_idx`, `is_viewed`, `created_at`) VALUES
(1, 1, 1, 0, NOW()),
(2, 2, 2, 1, NOW());

-- 이력서 경력
INSERT INTO `resume_career` (`career_id`, `resume_id`, `company_name`, `position`, `is_current`, `start_date`, `end_date`, `description`) VALUES
(1, 1, '스타트업A', '주니어 개발자', 0, '2022-03-01', '2024-12-31', 'Node.js 기반 백엔드 API 개발'),
(2, 2, '디자인에이전시B', '디자이너', 0, '2023-03-01', '2024-12-31', '웹/모바일 UI/UX 디자인');

-- 이력서 스킬
INSERT INTO `resume_skill` (`skill_id`, `resume_id`, `skill_name`) VALUES
(1, 1, 'Node.js'),
(2, 1, 'TypeScript'),
(3, 1, 'MySQL'),
(4, 2, 'Figma'),
(5, 2, 'Adobe XD'),
(6, 2, 'Sketch');


-- 이력서 자기소개서
INSERT INTO `resume_coverletter` (`coverletter_id`, `resume_id`, `coverletter_title`, `description`) VALUES
(1, 1, '성장하는 개발자', '안녕하세요. 끊임없이 학습하고 성장하는 백엔드 개발자 김개발입니다. 사용자 중심의 서비스를 만들기 위해 항상 고민하고 있습니다.'),
(2, 2, '사용자 경험을 중시하는 디자이너', '사용자의 니즈를 파악하고 직관적인 인터페이스를 설계하는 것이 저의 강점입니다.');

-- 이력서 학력
INSERT INTO `resume_education` (`education_id`, `resume_id`, `school_name`, `major`, `degree`, `start_date`, `end_date`, `is_current`) VALUES
(1, 1, '서울대학교', '컴퓨터공학과', '학사', '2018-03-01', '2022-02-28', 0),
(2, 2, '홍익대학교', '시각디자인과', '학사', '2019-03-01', '2023-02-28', 0);

-- 이력서 경험
INSERT INTO `resume_experience` (`experience_id`, `resume_id`, `experience_name`, `start_date`, `end_date`, `description`) VALUES
(1, 1, '오픈소스 프로젝트 기여', '2021-01-01', '2021-12-31', 'GitHub에서 다양한 오픈소스 프로젝트에 기여했습니다.'),
(2, 2, '디자인 공모전 수상', '2022-06-01', '2022-08-31', '대학생 UI/UX 디자인 공모전에서 우수상을 수상했습니다.');

-- 이력서 포트폴리오
INSERT INTO `resume_portfolio` (`portfolio_id`, `resume_id`, `link`) VALUES
(1, 1, 'https://github.com/kimdev'),
(2, 2, 'https://behance.net/leedesign');

-- 경력 정보
INSERT INTO `career` (`idx`, `user_idx`, `company_idx`, `position`, `is_current`, `description`, `department`, `job_title`, `start_date`, `end_date`, `carrercol`) VALUES
(1, 1, 1, '백엔드 개발자', 0, 'Node.js 기반 API 서버 개발 및 운영', '개발팀', '주니어 개발자', '2022-03-01 09:00:00', '2024-12-31 18:00:00', NULL),
(2, 2, 2, 'UI/UX 디자이너', 0, '웹/모바일 서비스 UI/UX 디자인', '디자인팀', '시니어 디자이너', '2023-03-01 09:00:00', '2024-12-31 18:00:00', NULL);

-- =====================================================
-- 1:1 채팅 기능을 위한 테이블들
-- =====================================================


/*!40103 SET TIME_ZONE=@OLD_TIME_ZONE */;

/*!40101 SET SQL_MODE=@OLD_SQL_MODE */;
/*!40014 SET FOREIGN_KEY_CHECKS=@OLD_FOREIGN_KEY_CHECKS */;
/*!40014 SET UNIQUE_CHECKS=@OLD_UNIQUE_CHECKS */;
/*!40101 SET CHARACTER_SET_CLIENT=@OLD_CHARACTER_SET_CLIENT */;
/*!40101 SET CHARACTER_SET_RESULTS=@OLD_CHARACTER_SET_RESULTS */;
/*!40101 SET COLLATION_CONNECTION=@OLD_COLLATION_CONNECTION */;
/*!40111 SET SQL_NOTES=@OLD_SQL_NOTES */;

-- Dump completed on 2025-01-27 15:30:00
