
USE `new-good-job-test`;
SET FOREIGN_KEY_CHECKS = 0;

-- USERS
INSERT INTO users (idx, name, phone, email, bio, profile_img, created_at) VALUES
(1, '박하은', '054-206-4123', 'seojun23@oigim.kr', '안녕하세요, 저는 경찰관에 관심이 있는 박하은입니다.', 'https://picsum.photos/200?1', '2024-02-18 05:30:57'),
(2, '황예원', '017-451-4804', 'fgu@inamca.net', '안녕하세요, 저는 자동차 조립원에 관심이 있는 황예원입니다.', 'https://picsum.photos/200?2', '2023-09-22 18:58:15'),
(3, '이영희', '043-866-3347', 'sanghunbaeg@hanmail.net', '안녕하세요, 저는 장례 상담원 및 장례 지도사에 관심이 있는 이영희입니다.', 'https://picsum.photos/200?3', '2023-02-15 13:57:29'),
(4, '곽서영', '019-378-3239', 'ogu@dreamwiz.com', '안녕하세요, 저는 기타 의료/복지 관련 서비스 종사원에 관심이 있는 곽서영입니다.', 'https://picsum.photos/200?4', '2023-09-02 11:14:50'),
(5, '김승현', '054-823-1733', 'yunseoi@daum.net', '안녕하세요, 저는 경기심판 및 경기기록원에 관심이 있는 김승현입니다.', 'https://picsum.photos/200?5', '2024-07-18 23:53:36'),
(6, '차영일', '033-202-0481', 'xgim@igim.kr', '안녕하세요, 저는 자재관리 사무원에 관심이 있는 차영일입니다.', 'https://picsum.photos/200?6', '2024-02-13 15:27:39'),
(7, '김상호', '070-0090-5740', 'gimjuweon@gimguseo.kr', '안녕하세요, 저는 한복 제조원에 관심이 있는 김상호입니다.', 'https://picsum.photos/200?7', '2022-04-02 07:55:49'),
(8, '김하은', '011-770-4502', 'hyeonji31@gmail.com', '안녕하세요, 저는 광석 및 석제품 가공기 조작원에 관심이 있는 김하은입니다.', 'https://picsum.photos/200?8', '2022-10-29 13:00:44'),
(9, '이영희', '054-954-5676', 'haneunyeong@ju.net', '안녕하세요, 저는 촬영기사에 관심이 있는 이영희입니다.', 'https://picsum.photos/200?9', '2020-04-09 19:04:17'),
(10, '김종수', '055-942-0700', 'wgu@gmail.com', '안녕하세요, 저는 자동차 영업원에 관심이 있는 김종수입니다.', 'https://picsum.photos/200?10', '2025-06-06 18:41:14'),
(11, '박혜진', '018-992-6807', 'bbag@ju.org', '안녕하세요, 저는 관세사에 관심이 있는 박혜진입니다.', 'https://picsum.photos/200?11', '2023-07-27 08:01:34'),
(12, '이예지', '044-010-2599', 'cgim@hanmail.net', '안녕하세요, 저는 귀금속 및 보석 세공원에 관심이 있는 이예지입니다.', 'https://picsum.photos/200?12', '2020-04-30 15:23:26'),
(13, '최현지', '041-869-9649', 'ti@ijangyang.com', '안녕하세요, 저는 기타 경호 및 보안 관련 종사원에 관심이 있는 최현지입니다.', 'https://picsum.photos/200?13', '2023-03-28 18:23:02'),
(14, '윤민석', '041-769-1512', 'hyeonjio@yuhanhoesa.net', '안녕하세요, 저는 상점 판매원에 관심이 있는 윤민석입니다.', 'https://picsum.photos/200?14', '2021-01-17 15:22:23'),
(15, '윤미숙', '052-533-9295', 'jangjunho@nate.com', '안녕하세요, 저는 부동산 컨설턴트 및 중개인에 관심이 있는 윤미숙입니다.', 'https://picsum.photos/200?15', '2023-10-01 19:56:54'),
(16, '황은정', '017-932-9331', 'ti@ihangim.com', '안녕하세요, 저는 도배공 및 유리 부착원에 관심이 있는 황은정입니다.', 'https://picsum.photos/200?16', '2025-08-10 08:10:11'),
(17, '박동현', '011-722-0808', 'areumi@hongii.com', '안녕하세요, 저는 대학 교수에 관심이 있는 박동현입니다.', 'https://picsum.photos/200?17', '2020-06-21 19:22:23'),
(18, '김순자', '062-228-9260', 'gangjeongnam@dreamwiz.com', '안녕하세요, 저는 실내장식 디자이너에 관심이 있는 김순자입니다.', 'https://picsum.photos/200?18', '2021-07-27 15:56:21'),
(19, '황성민', '031-125-4050', 'gimogja@jusighoesa.com', '안녕하세요, 저는 방사선사에 관심이 있는 황성민입니다.', 'https://picsum.photos/200?19', '2023-01-14 10:21:07'),
(20, '최미경', '041-678-4624', 'gyeongsu53@ju.com', '안녕하세요, 저는 조사 전문가에 관심이 있는 최미경입니다.', 'https://picsum.photos/200?20', '2020-12-04 20:22:06'),
(21, '최예진', '016-642-2524', 'hyeonjungim@daum.net', '안녕하세요, 저는 생명과학 시험원에 관심이 있는 최예진입니다.', 'https://picsum.photos/200?21', '2023-10-30 08:55:38'),
(22, '이영수', '053-589-0914', 'eunseogim@live.com', '안녕하세요, 저는 플라스틱제품 생산기 조작원에 관심이 있는 이영수입니다.', 'https://picsum.photos/200?22', '2021-10-20 01:48:16'),
(23, '신예지', '017-313-3497', 'yangjeongsug@dreamwiz.com', '안녕하세요, 저는 도시 및 교통설계 전문가에 관심이 있는 신예지입니다.', 'https://picsum.photos/200?23', '2021-05-17 06:47:07'),
(24, '김영숙', '054-470-2542', 'ijiu@obaegim.org', '안녕하세요, 저는 기타 석유 및 화학물 가공장치 조작원에 관심이 있는 김영숙입니다.', 'https://picsum.photos/200?24', '2020-08-15 04:12:43'),
(25, '이지훈', '016-912-0207', 'ean@dreamwiz.com', '안녕하세요, 저는 음료 제조관련 기계 조작원에 관심이 있는 이지훈입니다.', 'https://picsum.photos/200?25', '2021-12-03 22:53:30'),
(26, '박현숙', '054-385-7506', 'qmun@daum.net', '안녕하세요, 저는 치과기공사에 관심이 있는 박현숙입니다.', 'https://picsum.photos/200?26', '2020-01-17 04:40:50'),
(27, '하민서', '019-014-0520', 'oogja@hotmail.com', '안녕하세요, 저는 기획 및 마케팅 사무원에 관심이 있는 하민서입니다.', 'https://picsum.photos/200?27', '2024-08-21 13:59:05'),
(28, '김우진', '041-314-2771', 'gwagminjun@ijanghwang.kr', '안녕하세요, 저는 금속공작기계 조작원에 관심이 있는 김우진입니다.', 'https://picsum.photos/200?28', '2021-04-23 01:24:20'),
(29, '서영미', '019-466-9620', 'jeongsug21@gimgimbag.com', '안녕하세요, 저는 기타 건설/전기 및 생산 관련 관리자에 관심이 있는 서영미입니다.', 'https://picsum.photos/200?29', '2020-09-13 21:18:26'),
(30, '이진호', '043-761-7954', 'misugyang@baggim.net', '안녕하세요, 저는 캐드원에 관심이 있는 이진호입니다.', 'https://picsum.photos/200?30', '2021-01-19 15:23:27'),
(31, '김보람', '051-955-8266', 'jaehyeonbag@gmail.com', '안녕하세요, 저는 가수 및 성악가에 관심이 있는 김보람입니다.', 'https://picsum.photos/200?31', '2025-08-09 04:56:18'),
(32, '홍영숙', '044-171-3198', 'yunseongjin@nate.com', '안녕하세요, 저는 변리사에 관심이 있는 홍영숙입니다.', 'https://picsum.photos/200?32', '2022-09-23 22:57:46'),
(33, '차은경', '064-713-3022', 'munminseog@bagijeon.net', '안녕하세요, 저는 초등학교 교사에 관심이 있는 차은경입니다.', 'https://picsum.photos/200?33', '2023-11-10 01:36:13'),
(34, '이미정', '053-789-8076', 'coesangho@yuhanhoesa.com', '안녕하세요, 저는 조경원에 관심이 있는 이미정입니다.', 'https://picsum.photos/200?34', '2025-04-14 09:17:37'),
(35, '최민준', '070-4357-5065', 'gimseonyeong@daum.net', '안녕하세요, 저는 운송장비 조립원에 관심이 있는 최민준입니다.', 'https://picsum.photos/200?35', '2020-10-05 19:29:43'),
(36, '손준혁', '041-001-8866', 'gyeongsugi@hotmail.com', '안녕하세요, 저는 임상 심리사 및 기타 치료사에 관심이 있는 손준혁입니다.', 'https://picsum.photos/200?36', '2020-02-20 02:45:20'),
(37, '조미경', '032-680-8388', 'yejingim@yu.com', '안녕하세요, 저는 석유 및 천연가스제조 관련 제어장치 조작원에 관심이 있는 조미경입니다.', 'https://picsum.photos/200?37', '2024-11-07 22:15:20'),
(38, '이은주', '070-5591-9901', 'jihungim@gweongimbag.com', '안녕하세요, 저는 회계 사무원에 관심이 있는 이은주입니다.', 'https://picsum.photos/200?38', '2024-10-29 21:36:23'),
(39, '한종수', '041-004-3013', 'seojun04@hanmail.net', '안녕하세요, 저는 장학관/연구관 및 교육 관련 전문가에 관심이 있는 한종수입니다.', 'https://picsum.photos/200?39', '2022-04-20 12:17:52'),
(40, '백준혁', '033-551-3887', 'sanghun54@yu.com', '안녕하세요, 저는 기타 종교관련 종사자에 관심이 있는 백준혁입니다.', 'https://picsum.photos/200?40', '2023-03-18 14:42:54'),
(41, '김광수', '044-763-4797', 'vgim@yuhanhoesa.com', '안녕하세요, 저는 기타 자동차 운전원에 관심이 있는 김광수입니다.', 'https://picsum.photos/200?41', '2021-12-09 17:10:16'),
(42, '김민준', '063-386-7228', 'cgim@daum.net', '안녕하세요, 저는 물품 이동 장비 설치 및 정비원에 관심이 있는 김민준입니다.', 'https://picsum.photos/200?42', '2022-01-07 16:11:18'),
(43, '곽혜진', '043-504-1135', 'ogim@yuhanhoesa.com', '안녕하세요, 저는 기타 문리/기술 및 예능 강사에 관심이 있는 곽혜진입니다.', 'https://picsum.photos/200?43', '2024-05-10 13:27:51'),
(44, '허지은', '018-081-7752', 'donghyeon78@coeseoyun.net', '안녕하세요, 저는 음료 제조관련 기계 조작원에 관심이 있는 허지은입니다.', 'https://picsum.photos/200?44', '2023-06-27 14:50:48'),
(45, '오영희', '055-660-5389', 'jinuhwang@dreamwiz.com', '안녕하세요, 저는 음식서비스관련 관리자에 관심이 있는 오영희입니다.', 'https://picsum.photos/200?45', '2022-11-18 04:35:23'),
(46, '진영자', '070-8637-5455', 'yeongjai@yuhanhoesa.com', '안녕하세요, 저는 철도 및 전동차 기관사에 관심이 있는 진영자입니다.', 'https://picsum.photos/200?46', '2024-04-20 11:27:19'),
(47, '이지현', '044-651-9255', 'mgim@gmail.com', '안녕하세요, 저는 생산 및 품질 관리 사무원에 관심이 있는 이지현입니다.', 'https://picsum.photos/200?47', '2025-04-19 21:47:46'),
(48, '김예지', '062-217-3122', 'gimjeonghun@yu.com', '안녕하세요, 저는 경영 및 진단 전문가에 관심이 있는 김예지입니다.', 'https://picsum.photos/200?48', '2020-10-29 12:53:51'),
(49, '조준서', '051-930-4725', 'sgim@live.com', '안녕하세요, 저는 화가 및 조각가에 관심이 있는 조준서입니다.', 'https://picsum.photos/200?49', '2021-12-19 12:50:50'),
(50, '안영식', '041-761-2534', 'jungsu92@hanmail.net', '안녕하세요, 저는 제화원에 관심이 있는 안영식입니다.', 'https://picsum.photos/200?50', '2021-10-30 13:54:11');

-- POSTS
INSERT INTO posts (post_idx, user_id, content, media_url, created_at, updated_at) VALUES
(1, 27, '스터디 모임에서 유익한 얘기를 나눴습니다.', NULL, '2025-07-10 21:01:59', '2025-07-10 21:01:59'),
(2, 6, '디자이너와 협업하면서 배운 점을 공유합니다.', NULL, '2025-01-15 19:49:26', '2025-01-15 19:49:26'),
(3, 6, 'SQL 공부를 하다가 어려운 부분이 있어서 공유합니다.', NULL, '2025-07-08 21:25:56', '2025-07-08 21:25:56'),
(4, 43, '포트폴리오 준비하는 과정이 쉽지 않네요.', NULL, '2025-08-11 17:50:14', '2025-08-11 17:50:14'),
(5, 7, 'SQL 공부를 하다가 어려운 부분이 있어서 공유합니다.', NULL, '2025-01-02 21:59:45', '2025-01-02 21:59:45'),
(6, 18, 'SQL 공부를 하다가 어려운 부분이 있어서 공유합니다.', NULL, '2025-02-09 18:34:18', '2025-02-09 18:34:18'),
(7, 5, '포트폴리오 준비하는 과정이 쉽지 않네요.', NULL, '2025-02-07 05:28:54', '2025-02-07 05:28:54'),
(8, 35, 'SQL 공부를 하다가 어려운 부분이 있어서 공유합니다.', NULL, '2025-01-29 03:06:36', '2025-01-29 03:06:36'),
(9, 2, '개발자로 취업 준비 중인데 팁이 있을까요?', NULL, '2025-03-22 21:18:25', '2025-03-22 21:18:25'),
(10, 41, '데이터 분석 프로젝트를 진행하면서 느낀 점을 기록합니다.', NULL, '2025-08-25 23:08:42', '2025-08-25 23:08:42'),
(11, 49, '개발자로 취업 준비 중인데 팁이 있을까요?', NULL, '2025-01-16 15:36:50', '2025-01-16 15:36:50'),
(12, 40, '디자인 툴을 새로 써봤는데 정말 편리하네요.', NULL, '2025-01-02 20:25:13', '2025-01-02 20:25:13'),
(13, 3, '디자인 툴을 새로 써봤는데 정말 편리하네요.', NULL, '2025-08-20 07:04:18', '2025-08-20 07:04:18'),
(14, 6, '스터디 모임에서 유익한 얘기를 나눴습니다.', NULL, '2025-02-23 21:35:18', '2025-02-23 21:35:18'),
(15, 20, '오늘 면접 준비하면서 예상 질문을 정리했어요.', NULL, '2025-07-19 21:04:19', '2025-07-19 21:04:19'),
(16, 43, '오늘 면접 준비하면서 예상 질문을 정리했어요.', NULL, '2025-01-31 03:33:04', '2025-01-31 03:33:04'),
(17, 29, '스터디 모임에서 유익한 얘기를 나눴습니다.', NULL, '2025-06-15 07:38:58', '2025-06-15 07:38:58'),
(18, 9, '오늘 면접 준비하면서 예상 질문을 정리했어요.', NULL, '2025-02-06 02:54:47', '2025-02-06 02:54:47'),
(19, 24, '포트폴리오 준비하는 과정이 쉽지 않네요.', NULL, '2025-08-12 17:34:39', '2025-08-12 17:34:39'),
(20, 20, '디자이너와 협업하면서 배운 점을 공유합니다.', NULL, '2025-03-27 05:34:43', '2025-03-27 05:34:43'),
(21, 42, '개발자로 취업 준비 중인데 팁이 있을까요?', NULL, '2025-03-19 15:03:07', '2025-03-19 15:03:07'),
(22, 1, 'SQL 공부를 하다가 어려운 부분이 있어서 공유합니다.', NULL, '2025-09-05 15:55:33', '2025-09-05 15:55:33'),
(23, 14, '스터디 모임에서 유익한 얘기를 나눴습니다.', NULL, '2025-06-26 06:56:18', '2025-06-26 06:56:18'),
(24, 25, '데이터 분석 프로젝트를 진행하면서 느낀 점을 기록합니다.', NULL, '2025-01-28 15:35:13', '2025-01-28 15:35:13'),
(25, 47, 'SQL 공부를 하다가 어려운 부분이 있어서 공유합니다.', NULL, '2025-05-31 23:35:13', '2025-05-31 23:35:13'),
(26, 35, '프론트엔드 프레임워크를 비교해봤습니다.', NULL, '2025-09-02 05:23:34', '2025-09-02 05:23:34'),
(27, 40, 'SQL 공부를 하다가 어려운 부분이 있어서 공유합니다.', NULL, '2025-03-13 13:50:58', '2025-03-13 13:50:58'),
(28, 31, 'SQL 공부를 하다가 어려운 부분이 있어서 공유합니다.', NULL, '2025-02-11 08:05:31', '2025-02-11 08:05:31'),
(29, 14, 'SQL 공부를 하다가 어려운 부분이 있어서 공유합니다.', NULL, '2025-08-26 08:38:09', '2025-08-26 08:38:09'),
(30, 21, '프론트엔드 프레임워크를 비교해봤습니다.', NULL, '2025-09-11 04:10:49', '2025-09-11 04:10:49'),
(31, 46, '디자인 툴을 새로 써봤는데 정말 편리하네요.', NULL, '2025-06-16 12:33:02', '2025-06-16 12:33:02'),
(32, 47, '스터디 모임에서 유익한 얘기를 나눴습니다.', NULL, '2025-02-27 15:17:28', '2025-02-27 15:17:28'),
(33, 21, '디자이너와 협업하면서 배운 점을 공유합니다.', NULL, '2025-04-24 22:38:26', '2025-04-24 22:38:26'),
(34, 31, '디자인 툴을 새로 써봤는데 정말 편리하네요.', NULL, '2025-04-29 04:47:17', '2025-04-29 04:47:17'),
(35, 26, '프론트엔드 프레임워크를 비교해봤습니다.', NULL, '2025-07-09 14:01:09', '2025-07-09 14:01:09'),
(36, 35, '프론트엔드 프레임워크를 비교해봤습니다.', NULL, '2025-03-11 17:34:06', '2025-03-11 17:34:06'),
(37, 3, '스터디 모임에서 유익한 얘기를 나눴습니다.', NULL, '2025-05-08 08:19:36', '2025-05-08 08:19:36'),
(38, 21, '디자이너와 협업하면서 배운 점을 공유합니다.', NULL, '2025-03-18 21:47:02', '2025-03-18 21:47:02'),
(39, 44, '개발자로 취업 준비 중인데 팁이 있을까요?', NULL, '2025-04-08 09:47:48', '2025-04-08 09:47:48'),
(40, 30, '새로운 기술 스택을 공부하고 있습니다.', NULL, '2025-01-10 11:18:31', '2025-01-10 11:18:31'),
(41, 33, '포트폴리오 준비하는 과정이 쉽지 않네요.', NULL, '2025-07-21 10:12:20', '2025-07-21 10:12:20'),
(42, 46, '프론트엔드 프레임워크를 비교해봤습니다.', NULL, '2025-07-15 13:23:38', '2025-07-15 13:23:38'),
(43, 37, '데이터 분석 프로젝트를 진행하면서 느낀 점을 기록합니다.', NULL, '2025-02-20 09:59:35', '2025-02-20 09:59:35'),
(44, 33, '개발자로 취업 준비 중인데 팁이 있을까요?', NULL, '2025-02-17 17:21:50', '2025-02-17 17:21:50'),
(45, 18, '스터디 모임에서 유익한 얘기를 나눴습니다.', NULL, '2025-06-08 00:12:01', '2025-06-08 00:12:01'),
(46, 14, '데이터 분석 프로젝트를 진행하면서 느낀 점을 기록합니다.', NULL, '2025-03-17 10:53:36', '2025-03-17 10:53:36'),
(47, 48, '개발자로 취업 준비 중인데 팁이 있을까요?', NULL, '2025-01-13 10:44:31', '2025-01-13 10:44:31'),
(48, 10, '데이터 분석 프로젝트를 진행하면서 느낀 점을 기록합니다.', NULL, '2025-08-21 13:16:54', '2025-08-21 13:16:54'),
(49, 48, '디자인 툴을 새로 써봤는데 정말 편리하네요.', NULL, '2025-06-06 23:54:53', '2025-06-06 23:54:53'),
(50, 45, 'SQL 공부를 하다가 어려운 부분이 있어서 공유합니다.', NULL, '2025-02-05 20:15:22', '2025-02-05 20:15:22'),
(51, 37, '개발자로 취업 준비 중인데 팁이 있을까요?', NULL, '2025-01-12 05:41:15', '2025-01-12 05:41:15'),
(52, 11, '오늘 면접 준비하면서 예상 질문을 정리했어요.', NULL, '2025-06-16 06:03:05', '2025-06-16 06:03:05'),
(53, 25, '프론트엔드 프레임워크를 비교해봤습니다.', NULL, '2025-02-03 05:53:07', '2025-02-03 05:53:07'),
(54, 33, 'SQL 공부를 하다가 어려운 부분이 있어서 공유합니다.', NULL, '2025-06-16 22:34:29', '2025-06-16 22:34:29'),
(55, 46, '데이터 분석 프로젝트를 진행하면서 느낀 점을 기록합니다.', NULL, '2025-04-01 23:41:08', '2025-04-01 23:41:08'),
(56, 9, '디자이너와 협업하면서 배운 점을 공유합니다.', NULL, '2025-03-21 15:28:20', '2025-03-21 15:28:20'),
(57, 22, '프론트엔드 프레임워크를 비교해봤습니다.', NULL, '2025-03-04 02:40:41', '2025-03-04 02:40:41'),
(58, 39, '디자이너와 협업하면서 배운 점을 공유합니다.', NULL, '2025-06-05 07:26:20', '2025-06-05 07:26:20'),
(59, 40, '디자인 툴을 새로 써봤는데 정말 편리하네요.', NULL, '2025-05-25 12:11:48', '2025-05-25 12:11:48'),
(60, 16, '포트폴리오 준비하는 과정이 쉽지 않네요.', NULL, '2025-09-07 17:43:06', '2025-09-07 17:43:06'),
(61, 14, '새로운 기술 스택을 공부하고 있습니다.', NULL, '2025-01-18 15:02:38', '2025-01-18 15:02:38'),
(62, 7, '오늘 면접 준비하면서 예상 질문을 정리했어요.', NULL, '2025-05-08 22:55:33', '2025-05-08 22:55:33'),
(63, 12, '프론트엔드 프레임워크를 비교해봤습니다.', NULL, '2025-02-22 11:42:24', '2025-02-22 11:42:24'),
(64, 14, '디자이너와 협업하면서 배운 점을 공유합니다.', NULL, '2025-01-01 19:34:05', '2025-01-01 19:34:05'),
(65, 19, '새로운 기술 스택을 공부하고 있습니다.', NULL, '2025-01-22 21:16:50', '2025-01-22 21:16:50'),
(66, 10, 'SQL 공부를 하다가 어려운 부분이 있어서 공유합니다.', NULL, '2025-08-22 10:41:28', '2025-08-22 10:41:28'),
(67, 24, '개발자로 취업 준비 중인데 팁이 있을까요?', NULL, '2025-05-12 20:22:10', '2025-05-12 20:22:10'),
(68, 40, 'SQL 공부를 하다가 어려운 부분이 있어서 공유합니다.', NULL, '2025-04-27 03:48:11', '2025-04-27 03:48:11'),
(69, 27, '포트폴리오 준비하는 과정이 쉽지 않네요.', NULL, '2025-08-24 05:15:04', '2025-08-24 05:15:04'),
(70, 13, '프론트엔드 프레임워크를 비교해봤습니다.', NULL, '2025-08-08 15:15:47', '2025-08-08 15:15:47'),
(71, 47, '데이터 분석 프로젝트를 진행하면서 느낀 점을 기록합니다.', NULL, '2025-02-23 13:35:25', '2025-02-23 13:35:25'),
(72, 10, '프론트엔드 프레임워크를 비교해봤습니다.', NULL, '2025-04-11 00:14:20', '2025-04-11 00:14:20'),
(73, 43, '디자인 툴을 새로 써봤는데 정말 편리하네요.', NULL, '2025-08-22 10:10:49', '2025-08-22 10:10:49'),
(74, 37, '오늘 면접 준비하면서 예상 질문을 정리했어요.', NULL, '2025-02-01 05:11:46', '2025-02-01 05:11:46'),
(75, 14, '디자이너와 협업하면서 배운 점을 공유합니다.', NULL, '2025-07-24 13:00:18', '2025-07-24 13:00:18'),
(76, 14, '오늘 면접 준비하면서 예상 질문을 정리했어요.', NULL, '2025-03-27 03:30:08', '2025-03-27 03:30:08'),
(77, 17, '포트폴리오 준비하는 과정이 쉽지 않네요.', NULL, '2025-06-10 11:37:40', '2025-06-10 11:37:40'),
(78, 22, '프론트엔드 프레임워크를 비교해봤습니다.', NULL, '2025-03-07 17:05:24', '2025-03-07 17:05:24'),
(79, 5, 'SQL 공부를 하다가 어려운 부분이 있어서 공유합니다.', NULL, '2025-05-27 09:13:47', '2025-05-27 09:13:47'),
(80, 24, '디자인 툴을 새로 써봤는데 정말 편리하네요.', NULL, '2025-07-02 00:34:46', '2025-07-02 00:34:46'),
(81, 5, 'SQL 공부를 하다가 어려운 부분이 있어서 공유합니다.', NULL, '2025-07-28 08:49:42', '2025-07-28 08:49:42'),
(82, 19, '포트폴리오 준비하는 과정이 쉽지 않네요.', NULL, '2025-03-10 19:43:01', '2025-03-10 19:43:01'),
(83, 40, '개발자로 취업 준비 중인데 팁이 있을까요?', NULL, '2025-02-20 13:33:13', '2025-02-20 13:33:13'),
(84, 36, '개발자로 취업 준비 중인데 팁이 있을까요?', NULL, '2025-04-14 10:27:18', '2025-04-14 10:27:18'),
(85, 28, '스터디 모임에서 유익한 얘기를 나눴습니다.', NULL, '2025-07-06 10:33:49', '2025-07-06 10:33:49'),
(86, 35, 'SQL 공부를 하다가 어려운 부분이 있어서 공유합니다.', NULL, '2025-02-01 12:39:50', '2025-02-01 12:39:50'),
(87, 18, '포트폴리오 준비하는 과정이 쉽지 않네요.', NULL, '2025-01-28 15:59:53', '2025-01-28 15:59:53'),
(88, 48, '디자인 툴을 새로 써봤는데 정말 편리하네요.', NULL, '2025-02-22 05:41:26', '2025-02-22 05:41:26'),
(89, 34, '새로운 기술 스택을 공부하고 있습니다.', NULL, '2025-03-15 09:12:11', '2025-03-15 09:12:11'),
(90, 50, '스터디 모임에서 유익한 얘기를 나눴습니다.', NULL, '2025-08-26 21:46:53', '2025-08-26 21:46:53'),
(91, 38, '디자이너와 협업하면서 배운 점을 공유합니다.', NULL, '2025-08-27 15:31:35', '2025-08-27 15:31:35'),
(92, 22, '개발자로 취업 준비 중인데 팁이 있을까요?', NULL, '2025-07-08 09:44:03', '2025-07-08 09:44:03'),
(93, 36, '오늘 면접 준비하면서 예상 질문을 정리했어요.', NULL, '2025-05-14 04:12:55', '2025-05-14 04:12:55'),
(94, 12, '오늘 면접 준비하면서 예상 질문을 정리했어요.', NULL, '2025-03-27 16:24:32', '2025-03-27 16:24:32'),
(95, 11, '오늘 면접 준비하면서 예상 질문을 정리했어요.', NULL, '2025-06-26 06:43:34', '2025-06-26 06:43:34'),
(96, 13, '데이터 분석 프로젝트를 진행하면서 느낀 점을 기록합니다.', NULL, '2025-01-24 06:44:06', '2025-01-24 06:44:06'),
(97, 26, '데이터 분석 프로젝트를 진행하면서 느낀 점을 기록합니다.', NULL, '2025-02-21 08:50:33', '2025-02-21 08:50:33'),
(98, 21, 'SQL 공부를 하다가 어려운 부분이 있어서 공유합니다.', NULL, '2025-05-25 11:36:09', '2025-05-25 11:36:09'),
(99, 45, '디자이너와 협업하면서 배운 점을 공유합니다.', NULL, '2025-02-28 21:07:32', '2025-02-28 21:07:32'),
(100, 12, '오늘 면접 준비하면서 예상 질문을 정리했어요.', NULL, '2025-06-25 08:31:07', '2025-06-25 08:31:07'),
(101, 4, '프론트엔드 프레임워크를 비교해봤습니다.', NULL, '2025-05-10 09:52:52', '2025-05-10 09:52:52'),
(102, 32, '데이터 분석 프로젝트를 진행하면서 느낀 점을 기록합니다.', NULL, '2025-07-30 13:13:13', '2025-07-30 13:13:13'),
(103, 38, 'SQL 공부를 하다가 어려운 부분이 있어서 공유합니다.', NULL, '2025-01-26 05:27:50', '2025-01-26 05:27:50'),
(104, 37, '포트폴리오 준비하는 과정이 쉽지 않네요.', NULL, '2025-09-02 07:49:25', '2025-09-02 07:49:25'),
(105, 35, '디자이너와 협업하면서 배운 점을 공유합니다.', NULL, '2025-01-04 22:21:21', '2025-01-04 22:21:21'),
(106, 34, '오늘 면접 준비하면서 예상 질문을 정리했어요.', NULL, '2025-01-19 14:37:38', '2025-01-19 14:37:38'),
(107, 3, '디자이너와 협업하면서 배운 점을 공유합니다.', NULL, '2025-03-01 02:35:22', '2025-03-01 02:35:22'),
(108, 32, '디자이너와 협업하면서 배운 점을 공유합니다.', NULL, '2025-03-14 04:47:08', '2025-03-14 04:47:08'),
(109, 33, '개발자로 취업 준비 중인데 팁이 있을까요?', NULL, '2025-06-01 07:49:44', '2025-06-01 07:49:44'),
(110, 21, '새로운 기술 스택을 공부하고 있습니다.', NULL, '2025-03-15 12:40:25', '2025-03-15 12:40:25'),
(111, 9, '프론트엔드 프레임워크를 비교해봤습니다.', NULL, '2025-03-09 13:53:54', '2025-03-09 13:53:54'),
(112, 35, '디자이너와 협업하면서 배운 점을 공유합니다.', NULL, '2025-01-01 08:20:06', '2025-01-01 08:20:06'),
(113, 26, '디자인 툴을 새로 써봤는데 정말 편리하네요.', NULL, '2025-02-28 04:54:37', '2025-02-28 04:54:37'),
(114, 47, '새로운 기술 스택을 공부하고 있습니다.', NULL, '2025-06-07 18:34:03', '2025-06-07 18:34:03'),
(115, 31, '개발자로 취업 준비 중인데 팁이 있을까요?', NULL, '2025-06-18 03:58:37', '2025-06-18 03:58:37'),
(116, 49, '오늘 면접 준비하면서 예상 질문을 정리했어요.', NULL, '2025-01-01 17:49:43', '2025-01-01 17:49:43'),
(117, 39, '포트폴리오 준비하는 과정이 쉽지 않네요.', NULL, '2025-01-01 03:14:14', '2025-01-01 03:14:14'),
(118, 46, 'SQL 공부를 하다가 어려운 부분이 있어서 공유합니다.', NULL, '2025-07-22 14:45:10', '2025-07-22 14:45:10'),
(119, 15, '포트폴리오 준비하는 과정이 쉽지 않네요.', NULL, '2025-01-30 05:37:07', '2025-01-30 05:37:07'),
(120, 29, '디자인 툴을 새로 써봤는데 정말 편리하네요.', NULL, '2025-04-10 23:02:01', '2025-04-10 23:02:01'),
(121, 44, 'SQL 공부를 하다가 어려운 부분이 있어서 공유합니다.', NULL, '2025-06-17 07:39:35', '2025-06-17 07:39:35'),
(122, 28, '포트폴리오 준비하는 과정이 쉽지 않네요.', NULL, '2025-07-25 09:31:35', '2025-07-25 09:31:35'),
(123, 2, '포트폴리오 준비하는 과정이 쉽지 않네요.', NULL, '2025-01-27 11:15:31', '2025-01-27 11:15:31'),
(124, 47, '포트폴리오 준비하는 과정이 쉽지 않네요.', NULL, '2025-09-12 07:40:03', '2025-09-12 07:40:03'),
(125, 2, '포트폴리오 준비하는 과정이 쉽지 않네요.', NULL, '2025-09-02 03:00:35', '2025-09-02 03:00:35'),
(126, 37, '오늘 면접 준비하면서 예상 질문을 정리했어요.', NULL, '2025-07-09 18:24:26', '2025-07-09 18:24:26'),
(127, 29, '프론트엔드 프레임워크를 비교해봤습니다.', NULL, '2025-08-27 00:38:55', '2025-08-27 00:38:55'),
(128, 38, '스터디 모임에서 유익한 얘기를 나눴습니다.', NULL, '2025-04-16 20:23:02', '2025-04-16 20:23:02'),
(129, 7, '프론트엔드 프레임워크를 비교해봤습니다.', NULL, '2025-05-06 18:46:08', '2025-05-06 18:46:08'),
(130, 39, '디자이너와 협업하면서 배운 점을 공유합니다.', NULL, '2025-03-01 08:25:32', '2025-03-01 08:25:32'),
(131, 32, '포트폴리오 준비하는 과정이 쉽지 않네요.', NULL, '2025-08-05 09:52:04', '2025-08-05 09:52:04'),
(132, 36, '스터디 모임에서 유익한 얘기를 나눴습니다.', NULL, '2025-08-03 19:57:34', '2025-08-03 19:57:34'),
(133, 27, '디자인 툴을 새로 써봤는데 정말 편리하네요.', NULL, '2025-04-11 19:49:56', '2025-04-11 19:49:56'),
(134, 4, '데이터 분석 프로젝트를 진행하면서 느낀 점을 기록합니다.', NULL, '2025-07-09 13:13:37', '2025-07-09 13:13:37'),
(135, 39, '포트폴리오 준비하는 과정이 쉽지 않네요.', NULL, '2025-08-28 22:40:52', '2025-08-28 22:40:52'),
(136, 36, '프론트엔드 프레임워크를 비교해봤습니다.', NULL, '2025-01-11 12:43:59', '2025-01-11 12:43:59'),
(137, 17, '디자인 툴을 새로 써봤는데 정말 편리하네요.', NULL, '2025-02-24 05:56:15', '2025-02-24 05:56:15'),
(138, 4, '데이터 분석 프로젝트를 진행하면서 느낀 점을 기록합니다.', NULL, '2025-04-26 20:55:13', '2025-04-26 20:55:13'),
(139, 18, '개발자로 취업 준비 중인데 팁이 있을까요?', NULL, '2025-08-27 09:46:07', '2025-08-27 09:46:07'),
(140, 36, '스터디 모임에서 유익한 얘기를 나눴습니다.', NULL, '2025-01-13 06:29:28', '2025-01-13 06:29:28'),
(141, 21, '디자인 툴을 새로 써봤는데 정말 편리하네요.', NULL, '2025-01-05 07:22:04', '2025-01-05 07:22:04'),
(142, 21, '디자이너와 협업하면서 배운 점을 공유합니다.', NULL, '2025-09-09 16:50:39', '2025-09-09 16:50:39'),
(143, 17, '디자인 툴을 새로 써봤는데 정말 편리하네요.', NULL, '2025-02-11 12:17:24', '2025-02-11 12:17:24'),
(144, 40, '개발자로 취업 준비 중인데 팁이 있을까요?', NULL, '2025-01-25 05:12:45', '2025-01-25 05:12:45'),
(145, 35, 'SQL 공부를 하다가 어려운 부분이 있어서 공유합니다.', NULL, '2025-08-26 19:22:50', '2025-08-26 19:22:50'),
(146, 27, '개발자로 취업 준비 중인데 팁이 있을까요?', NULL, '2025-03-03 10:00:42', '2025-03-03 10:00:42'),
(147, 27, '스터디 모임에서 유익한 얘기를 나눴습니다.', NULL, '2025-03-05 09:45:45', '2025-03-05 09:45:45'),
(148, 37, '포트폴리오 준비하는 과정이 쉽지 않네요.', NULL, '2025-05-03 05:48:14', '2025-05-03 05:48:14'),
(149, 5, '데이터 분석 프로젝트를 진행하면서 느낀 점을 기록합니다.', NULL, '2025-05-25 14:27:47', '2025-05-25 14:27:47'),
(150, 32, '데이터 분석 프로젝트를 진행하면서 느낀 점을 기록합니다.', NULL, '2025-03-28 02:34:03', '2025-03-28 02:34:03'),
(151, 48, '디자이너와 협업하면서 배운 점을 공유합니다.', NULL, '2025-09-01 03:34:23', '2025-09-01 03:34:23'),
(152, 39, '오늘 면접 준비하면서 예상 질문을 정리했어요.', NULL, '2025-01-07 03:20:16', '2025-01-07 03:20:16'),
(153, 23, '포트폴리오 준비하는 과정이 쉽지 않네요.', NULL, '2025-02-27 12:29:04', '2025-02-27 12:29:04'),
(154, 21, '오늘 면접 준비하면서 예상 질문을 정리했어요.', NULL, '2025-02-26 10:41:50', '2025-02-26 10:41:50'),
(155, 11, '데이터 분석 프로젝트를 진행하면서 느낀 점을 기록합니다.', NULL, '2025-04-27 09:46:52', '2025-04-27 09:46:52'),
(156, 27, '새로운 기술 스택을 공부하고 있습니다.', NULL, '2025-06-07 21:46:43', '2025-06-07 21:46:43'),
(157, 43, '데이터 분석 프로젝트를 진행하면서 느낀 점을 기록합니다.', NULL, '2025-01-31 12:36:11', '2025-01-31 12:36:11'),
(158, 35, '프론트엔드 프레임워크를 비교해봤습니다.', NULL, '2025-06-26 04:07:51', '2025-06-26 04:07:51'),
(159, 35, '오늘 면접 준비하면서 예상 질문을 정리했어요.', NULL, '2025-07-07 03:12:48', '2025-07-07 03:12:48'),
(160, 16, '새로운 기술 스택을 공부하고 있습니다.', NULL, '2025-07-30 19:30:58', '2025-07-30 19:30:58'),
(161, 42, '디자인 툴을 새로 써봤는데 정말 편리하네요.', NULL, '2025-02-04 12:41:55', '2025-02-04 12:41:55'),
(162, 38, 'SQL 공부를 하다가 어려운 부분이 있어서 공유합니다.', NULL, '2025-08-15 07:53:53', '2025-08-15 07:53:53'),
(163, 17, '데이터 분석 프로젝트를 진행하면서 느낀 점을 기록합니다.', NULL, '2025-07-18 07:40:24', '2025-07-18 07:40:24'),
(164, 47, '스터디 모임에서 유익한 얘기를 나눴습니다.', NULL, '2025-08-24 03:18:20', '2025-08-24 03:18:20'),
(165, 18, '디자인 툴을 새로 써봤는데 정말 편리하네요.', NULL, '2025-08-18 16:34:12', '2025-08-18 16:34:12'),
(166, 22, '새로운 기술 스택을 공부하고 있습니다.', NULL, '2025-03-29 08:25:35', '2025-03-29 08:25:35'),
(167, 31, '디자이너와 협업하면서 배운 점을 공유합니다.', NULL, '2025-07-14 15:38:40', '2025-07-14 15:38:40'),
(168, 23, 'SQL 공부를 하다가 어려운 부분이 있어서 공유합니다.', NULL, '2025-04-11 06:08:18', '2025-04-11 06:08:18'),
(169, 22, '포트폴리오 준비하는 과정이 쉽지 않네요.', NULL, '2025-05-13 08:32:04', '2025-05-13 08:32:04'),
(170, 21, '포트폴리오 준비하는 과정이 쉽지 않네요.', NULL, '2025-07-25 05:31:06', '2025-07-25 05:31:06'),
(171, 12, '새로운 기술 스택을 공부하고 있습니다.', NULL, '2025-05-02 13:02:47', '2025-05-02 13:02:47'),
(172, 13, '새로운 기술 스택을 공부하고 있습니다.', NULL, '2025-05-28 12:13:02', '2025-05-28 12:13:02'),
(173, 49, '스터디 모임에서 유익한 얘기를 나눴습니다.', NULL, '2025-02-28 18:59:39', '2025-02-28 18:59:39'),
(174, 22, 'SQL 공부를 하다가 어려운 부분이 있어서 공유합니다.', NULL, '2025-04-26 14:29:58', '2025-04-26 14:29:58'),
(175, 44, '디자인 툴을 새로 써봤는데 정말 편리하네요.', NULL, '2025-07-10 09:53:26', '2025-07-10 09:53:26'),
(176, 48, 'SQL 공부를 하다가 어려운 부분이 있어서 공유합니다.', NULL, '2025-05-31 13:41:39', '2025-05-31 13:41:39'),
(177, 10, '오늘 면접 준비하면서 예상 질문을 정리했어요.', NULL, '2025-03-15 14:36:53', '2025-03-15 14:36:53'),
(178, 46, '스터디 모임에서 유익한 얘기를 나눴습니다.', NULL, '2025-03-03 12:18:22', '2025-03-03 12:18:22'),
(179, 20, '개발자로 취업 준비 중인데 팁이 있을까요?', NULL, '2025-09-03 14:50:56', '2025-09-03 14:50:56'),
(180, 32, '새로운 기술 스택을 공부하고 있습니다.', NULL, '2025-02-10 22:38:10', '2025-02-10 22:38:10'),
(181, 18, '디자이너와 협업하면서 배운 점을 공유합니다.', NULL, '2025-08-28 13:33:48', '2025-08-28 13:33:48'),
(182, 36, 'SQL 공부를 하다가 어려운 부분이 있어서 공유합니다.', NULL, '2025-04-18 06:12:30', '2025-04-18 06:12:30'),
(183, 33, 'SQL 공부를 하다가 어려운 부분이 있어서 공유합니다.', NULL, '2025-01-18 12:49:09', '2025-01-18 12:49:09'),
(184, 20, '개발자로 취업 준비 중인데 팁이 있을까요?', NULL, '2025-04-26 16:29:35', '2025-04-26 16:29:35'),
(185, 30, '프론트엔드 프레임워크를 비교해봤습니다.', NULL, '2025-05-28 21:01:21', '2025-05-28 21:01:21'),
(186, 49, '개발자로 취업 준비 중인데 팁이 있을까요?', NULL, '2025-07-19 23:33:34', '2025-07-19 23:33:34'),
(187, 16, '디자인 툴을 새로 써봤는데 정말 편리하네요.', NULL, '2025-07-05 00:50:26', '2025-07-05 00:50:26'),
(188, 29, '스터디 모임에서 유익한 얘기를 나눴습니다.', NULL, '2025-08-01 14:39:21', '2025-08-01 14:39:21'),
(189, 18, '디자인 툴을 새로 써봤는데 정말 편리하네요.', NULL, '2025-08-02 15:27:41', '2025-08-02 15:27:41'),
(190, 7, 'SQL 공부를 하다가 어려운 부분이 있어서 공유합니다.', NULL, '2025-02-06 03:43:30', '2025-02-06 03:43:30'),
(191, 38, '포트폴리오 준비하는 과정이 쉽지 않네요.', NULL, '2025-01-20 12:37:58', '2025-01-20 12:37:58'),
(192, 38, '디자인 툴을 새로 써봤는데 정말 편리하네요.', NULL, '2025-08-16 16:56:30', '2025-08-16 16:56:30'),
(193, 19, '스터디 모임에서 유익한 얘기를 나눴습니다.', NULL, '2025-08-29 15:07:09', '2025-08-29 15:07:09'),
(194, 11, '디자인 툴을 새로 써봤는데 정말 편리하네요.', NULL, '2025-06-30 19:25:27', '2025-06-30 19:25:27'),
(195, 12, '개발자로 취업 준비 중인데 팁이 있을까요?', NULL, '2025-02-05 00:02:24', '2025-02-05 00:02:24'),
(196, 42, '디자이너와 협업하면서 배운 점을 공유합니다.', NULL, '2025-07-30 18:09:02', '2025-07-30 18:09:02'),
(197, 18, '포트폴리오 준비하는 과정이 쉽지 않네요.', NULL, '2025-07-27 18:11:46', '2025-07-27 18:11:46'),
(198, 34, '포트폴리오 준비하는 과정이 쉽지 않네요.', NULL, '2025-03-25 10:15:52', '2025-03-25 10:15:52'),
(199, 50, '프론트엔드 프레임워크를 비교해봤습니다.', NULL, '2025-01-29 06:38:16', '2025-01-29 06:38:16'),
(200, 2, '오늘 면접 준비하면서 예상 질문을 정리했어요.', NULL, '2025-09-07 10:52:53', '2025-09-07 10:52:53');

-- COMMENTS
INSERT INTO post_comments (comment_id, post_idx, user_id, content, created_at) VALUES
(1, 175, 3, '앞으로도 좋은 글 부탁드립니다.', '2025-03-29 12:52:18'),
(2, 171, 12, '같이 스터디하면 좋겠네요.', '2025-05-20 22:17:19'),
(3, 49, 20, '화이팅입니다. 좋은 결과 있으시길 바랍니다.', '2025-08-15 03:35:26'),
(4, 129, 33, '궁금했던 부분이 해결됐습니다.', '2025-06-04 18:55:44'),
(5, 200, 11, '같이 스터디하면 좋겠네요.', '2025-09-13 05:30:32'),
(6, 129, 24, '저도 같은 고민을 하고 있었어요.', '2025-06-11 21:13:18'),
(7, 76, 25, '실제 경험담이라서 더 와닿습니다.', '2025-03-22 14:47:31'),
(8, 32, 39, '정말 유익한 글이네요!', '2025-06-16 18:15:38'),
(9, 34, 41, '실제 경험담이라서 더 와닿습니다.', '2025-04-04 22:36:42'),
(10, 198, 33, '혹시 관련 자료를 공유해주실 수 있을까요?', '2025-01-09 09:25:12'),
(11, 111, 6, '실제 경험담이라서 더 와닿습니다.', '2025-07-08 18:46:51'),
(12, 14, 38, '도움이 많이 되었습니다.', '2025-04-29 10:25:28'),
(13, 79, 43, '앞으로도 좋은 글 부탁드립니다.', '2025-01-13 00:40:36'),
(14, 40, 28, '실제 경험담이라서 더 와닿습니다.', '2025-04-18 12:29:33'),
(15, 147, 11, '좋은 팁 감사합니다.', '2025-05-15 18:48:39'),
(16, 190, 35, '궁금했던 부분이 해결됐습니다.', '2025-07-27 12:25:41'),
(17, 40, 45, '저도 같은 고민을 하고 있었어요.', '2025-05-22 23:06:53'),
(18, 27, 31, '앞으로도 좋은 글 부탁드립니다.', '2025-04-07 13:27:03'),
(19, 171, 27, '저도 같은 고민을 하고 있었어요.', '2025-01-07 09:51:00'),
(20, 75, 33, '혹시 관련 자료를 공유해주실 수 있을까요?', '2025-02-05 15:10:11'),
(21, 170, 14, '도움이 많이 되었습니다.', '2025-04-12 21:40:50'),
(22, 118, 39, '도움이 많이 되었습니다.', '2025-07-23 18:34:35'),
(23, 40, 5, '앞으로도 좋은 글 부탁드립니다.', '2025-07-25 05:52:32'),
(24, 160, 41, '화이팅입니다. 좋은 결과 있으시길 바랍니다.', '2025-05-10 01:33:58'),
(25, 125, 17, '앞으로도 좋은 글 부탁드립니다.', '2025-02-28 18:41:24'),
(26, 162, 20, '화이팅입니다. 좋은 결과 있으시길 바랍니다.', '2025-03-16 14:31:19'),
(27, 176, 37, '저도 같은 고민을 하고 있었어요.', '2025-02-05 21:50:00'),
(28, 103, 26, '궁금했던 부분이 해결됐습니다.', '2025-02-02 09:17:13'),
(29, 51, 21, '화이팅입니다. 좋은 결과 있으시길 바랍니다.', '2025-01-26 21:28:17'),
(30, 27, 21, '저도 같은 고민을 하고 있었어요.', '2025-03-01 07:13:42'),
(31, 43, 3, '화이팅입니다. 좋은 결과 있으시길 바랍니다.', '2025-07-11 05:35:26'),
(32, 69, 47, '같이 스터디하면 좋겠네요.', '2025-08-01 06:13:50'),
(33, 18, 32, '실제 경험담이라서 더 와닿습니다.', '2025-02-15 23:38:57'),
(34, 126, 10, '저도 같은 고민을 하고 있었어요.', '2025-03-25 03:24:50'),
(35, 176, 49, '정말 유익한 글이네요!', '2025-01-02 05:05:56'),
(36, 91, 28, '화이팅입니다. 좋은 결과 있으시길 바랍니다.', '2025-05-04 21:01:14'),
(37, 154, 37, '앞으로도 좋은 글 부탁드립니다.', '2025-06-12 16:44:38'),
(38, 103, 13, '정말 유익한 글이네요!', '2025-03-30 06:38:35'),
(39, 20, 18, '궁금했던 부분이 해결됐습니다.', '2025-02-01 19:22:11'),
(40, 75, 2, '실제 경험담이라서 더 와닿습니다.', '2025-04-02 03:12:04'),
(41, 186, 49, '도움이 많이 되었습니다.', '2025-03-13 15:22:38'),
(42, 89, 36, '저도 같은 고민을 하고 있었어요.', '2025-05-29 04:15:56'),
(43, 28, 31, '같이 스터디하면 좋겠네요.', '2025-07-01 00:19:45'),
(44, 95, 36, '좋은 팁 감사합니다.', '2025-08-09 07:54:10'),
(45, 108, 32, '같이 스터디하면 좋겠네요.', '2025-05-29 01:51:45'),
(46, 50, 2, '실제 경험담이라서 더 와닿습니다.', '2025-01-16 12:47:45'),
(47, 93, 43, '실제 경험담이라서 더 와닿습니다.', '2025-06-01 03:38:58'),
(48, 16, 44, '좋은 팁 감사합니다.', '2025-03-16 05:21:25'),
(49, 146, 15, '저도 같은 고민을 하고 있었어요.', '2025-04-11 08:32:57'),
(50, 159, 22, '같이 스터디하면 좋겠네요.', '2025-04-25 02:53:28'),
(51, 34, 21, '화이팅입니다. 좋은 결과 있으시길 바랍니다.', '2025-04-13 12:22:34'),
(52, 89, 28, '앞으로도 좋은 글 부탁드립니다.', '2025-05-31 20:20:51'),
(53, 124, 35, '좋은 팁 감사합니다.', '2025-02-07 20:06:52'),
(54, 104, 40, '혹시 관련 자료를 공유해주실 수 있을까요?', '2025-09-10 14:59:24'),
(55, 92, 22, '궁금했던 부분이 해결됐습니다.', '2025-01-30 03:11:49'),
(56, 187, 39, '저도 같은 고민을 하고 있었어요.', '2025-03-25 22:10:31'),
(57, 38, 10, '궁금했던 부분이 해결됐습니다.', '2025-03-20 04:06:21'),
(58, 17, 17, '혹시 관련 자료를 공유해주실 수 있을까요?', '2025-07-10 10:03:02'),
(59, 29, 44, '같이 스터디하면 좋겠네요.', '2025-08-26 18:59:05'),
(60, 36, 18, '정말 유익한 글이네요!', '2025-04-15 23:35:42'),
(61, 77, 47, '정말 유익한 글이네요!', '2025-01-08 21:35:09'),
(62, 20, 20, '도움이 많이 되었습니다.', '2025-03-24 02:20:31'),
(63, 46, 40, '정말 유익한 글이네요!', '2025-05-22 00:20:59'),
(64, 158, 48, '같이 스터디하면 좋겠네요.', '2025-01-10 18:49:52'),
(65, 30, 7, '정말 유익한 글이네요!', '2025-05-31 06:34:58'),
(66, 159, 49, '혹시 관련 자료를 공유해주실 수 있을까요?', '2025-02-07 07:18:12'),
(67, 168, 21, '앞으로도 좋은 글 부탁드립니다.', '2025-03-13 14:26:32'),
(68, 53, 25, '궁금했던 부분이 해결됐습니다.', '2025-01-28 05:04:37'),
(69, 58, 13, '화이팅입니다. 좋은 결과 있으시길 바랍니다.', '2025-03-17 04:19:26'),
(70, 1, 35, '저도 같은 고민을 하고 있었어요.', '2025-01-13 18:05:56'),
(71, 166, 5, '궁금했던 부분이 해결됐습니다.', '2025-08-22 21:40:13'),
(72, 130, 34, '같이 스터디하면 좋겠네요.', '2025-08-24 20:22:58'),
(73, 121, 43, '좋은 팁 감사합니다.', '2025-09-10 13:28:20'),
(74, 84, 6, '정말 유익한 글이네요!', '2025-05-02 09:42:26'),
(75, 137, 6, '저도 같은 고민을 하고 있었어요.', '2025-08-19 22:34:55'),
(76, 47, 30, '도움이 많이 되었습니다.', '2025-07-11 16:13:40'),
(77, 75, 6, '같이 스터디하면 좋겠네요.', '2025-07-06 11:49:26'),
(78, 89, 38, '저도 같은 고민을 하고 있었어요.', '2025-08-05 17:52:12'),
(79, 185, 31, '화이팅입니다. 좋은 결과 있으시길 바랍니다.', '2025-01-14 06:50:18'),
(80, 121, 3, '정말 유익한 글이네요!', '2025-05-12 17:11:16'),
(81, 86, 50, '도움이 많이 되었습니다.', '2025-07-14 17:19:59'),
(82, 45, 9, '저도 같은 고민을 하고 있었어요.', '2025-03-01 18:06:56'),
(83, 150, 4, '좋은 팁 감사합니다.', '2025-01-20 21:09:04'),
(84, 105, 28, '혹시 관련 자료를 공유해주실 수 있을까요?', '2025-05-07 13:41:16'),
(85, 186, 46, '좋은 팁 감사합니다.', '2025-02-11 14:03:24'),
(86, 175, 49, '저도 같은 고민을 하고 있었어요.', '2025-07-20 13:41:02'),
(87, 9, 22, '궁금했던 부분이 해결됐습니다.', '2025-04-06 17:42:20'),
(88, 24, 20, '같이 스터디하면 좋겠네요.', '2025-01-29 19:50:53'),
(89, 40, 48, '정말 유익한 글이네요!', '2025-05-09 14:53:30'),
(90, 75, 21, '화이팅입니다. 좋은 결과 있으시길 바랍니다.', '2025-04-14 12:20:19'),
(91, 116, 24, '실제 경험담이라서 더 와닿습니다.', '2025-06-08 14:39:21'),
(92, 193, 48, '정말 유익한 글이네요!', '2025-07-23 18:51:08'),
(93, 15, 26, '좋은 팁 감사합니다.', '2025-05-23 00:25:18'),
(94, 18, 36, '실제 경험담이라서 더 와닿습니다.', '2025-08-06 08:55:08'),
(95, 158, 41, '도움이 많이 되었습니다.', '2025-09-01 14:23:23'),
(96, 153, 29, '정말 유익한 글이네요!', '2025-06-16 02:03:32'),
(97, 26, 34, '궁금했던 부분이 해결됐습니다.', '2025-07-17 07:55:53'),
(98, 40, 17, '화이팅입니다. 좋은 결과 있으시길 바랍니다.', '2025-07-01 21:58:27'),
(99, 146, 18, '앞으로도 좋은 글 부탁드립니다.', '2025-08-05 14:40:39'),
(100, 24, 22, '저도 같은 고민을 하고 있었어요.', '2025-05-24 01:14:29'),
(101, 38, 40, '화이팅입니다. 좋은 결과 있으시길 바랍니다.', '2025-07-21 20:35:08'),
(102, 193, 3, '정말 유익한 글이네요!', '2025-07-12 02:04:48'),
(103, 127, 18, '앞으로도 좋은 글 부탁드립니다.', '2025-02-08 15:22:36'),
(104, 16, 40, '같이 스터디하면 좋겠네요.', '2025-03-21 07:00:45'),
(105, 57, 14, '실제 경험담이라서 더 와닿습니다.', '2025-03-18 17:24:21'),
(106, 158, 31, '화이팅입니다. 좋은 결과 있으시길 바랍니다.', '2025-03-01 13:27:26'),
(107, 187, 17, '저도 같은 고민을 하고 있었어요.', '2025-05-03 15:58:08'),
(108, 9, 28, '저도 같은 고민을 하고 있었어요.', '2025-06-24 06:09:41'),
(109, 123, 36, '같이 스터디하면 좋겠네요.', '2025-08-10 15:18:06'),
(110, 169, 20, '앞으로도 좋은 글 부탁드립니다.', '2025-04-28 17:59:20'),
(111, 130, 25, '저도 같은 고민을 하고 있었어요.', '2025-08-04 09:33:04'),
(112, 155, 14, '혹시 관련 자료를 공유해주실 수 있을까요?', '2025-01-04 04:12:19'),
(113, 43, 44, '저도 같은 고민을 하고 있었어요.', '2025-04-17 10:03:24'),
(114, 65, 46, '궁금했던 부분이 해결됐습니다.', '2025-08-26 08:41:18'),
(115, 31, 25, '앞으로도 좋은 글 부탁드립니다.', '2025-04-17 17:03:57'),
(116, 79, 28, '궁금했던 부분이 해결됐습니다.', '2025-01-05 04:42:05'),
(117, 6, 40, '저도 같은 고민을 하고 있었어요.', '2025-06-30 07:11:53'),
(118, 83, 33, '같이 스터디하면 좋겠네요.', '2025-03-26 11:03:44'),
(119, 35, 49, '화이팅입니다. 좋은 결과 있으시길 바랍니다.', '2025-01-31 13:17:31'),
(120, 160, 48, '실제 경험담이라서 더 와닿습니다.', '2025-08-18 04:31:42'),
(121, 123, 32, '도움이 많이 되었습니다.', '2025-07-11 02:59:28'),
(122, 136, 10, '궁금했던 부분이 해결됐습니다.', '2025-08-07 18:07:28'),
(123, 127, 29, '화이팅입니다. 좋은 결과 있으시길 바랍니다.', '2025-02-24 23:54:07'),
(124, 74, 37, '실제 경험담이라서 더 와닿습니다.', '2025-01-09 23:07:32'),
(125, 90, 36, '좋은 팁 감사합니다.', '2025-06-13 19:42:45'),
(126, 95, 28, '앞으로도 좋은 글 부탁드립니다.', '2025-02-26 19:14:07'),
(127, 162, 7, '저도 같은 고민을 하고 있었어요.', '2025-02-04 11:49:03'),
(128, 171, 31, '도움이 많이 되었습니다.', '2025-08-06 20:11:12'),
(129, 26, 30, '저도 같은 고민을 하고 있었어요.', '2025-03-05 10:22:43'),
(130, 171, 11, '저도 같은 고민을 하고 있었어요.', '2025-03-30 16:21:50'),
(131, 15, 24, '정말 유익한 글이네요!', '2025-01-22 15:11:51'),
(132, 1, 24, '화이팅입니다. 좋은 결과 있으시길 바랍니다.', '2025-01-22 04:03:44'),
(133, 7, 21, '좋은 팁 감사합니다.', '2025-04-02 00:36:13'),
(134, 95, 7, '좋은 팁 감사합니다.', '2025-08-20 16:44:15'),
(135, 176, 29, '저도 같은 고민을 하고 있었어요.', '2025-02-04 11:35:35'),
(136, 87, 42, '혹시 관련 자료를 공유해주실 수 있을까요?', '2025-07-21 16:38:19'),
(137, 44, 14, '앞으로도 좋은 글 부탁드립니다.', '2025-03-21 17:32:19'),
(138, 78, 20, '도움이 많이 되었습니다.', '2025-03-17 01:23:26'),
(139, 186, 50, '정말 유익한 글이네요!', '2025-07-06 04:24:18'),
(140, 163, 1, '정말 유익한 글이네요!', '2025-03-18 08:44:51'),
(141, 78, 43, '정말 유익한 글이네요!', '2025-02-17 17:37:51'),
(142, 197, 15, '앞으로도 좋은 글 부탁드립니다.', '2025-01-23 04:53:35'),
(143, 84, 49, '궁금했던 부분이 해결됐습니다.', '2025-03-13 20:37:53'),
(144, 189, 48, '화이팅입니다. 좋은 결과 있으시길 바랍니다.', '2025-05-08 14:22:05'),
(145, 147, 27, '같이 스터디하면 좋겠네요.', '2025-07-05 00:14:29'),
(146, 61, 49, '앞으로도 좋은 글 부탁드립니다.', '2025-02-13 07:37:07'),
(147, 61, 44, '화이팅입니다. 좋은 결과 있으시길 바랍니다.', '2025-06-29 03:28:28'),
(148, 51, 24, '앞으로도 좋은 글 부탁드립니다.', '2025-07-09 10:54:15'),
(149, 141, 1, '화이팅입니다. 좋은 결과 있으시길 바랍니다.', '2025-08-29 18:03:07'),
(150, 198, 7, '화이팅입니다. 좋은 결과 있으시길 바랍니다.', '2025-02-13 02:48:27'),
(151, 41, 31, '실제 경험담이라서 더 와닿습니다.', '2025-02-05 01:05:46'),
(152, 6, 12, '정말 유익한 글이네요!', '2025-01-11 07:36:00'),
(153, 72, 12, '도움이 많이 되었습니다.', '2025-02-01 10:02:25'),
(154, 104, 2, '도움이 많이 되었습니다.', '2025-03-24 18:54:12'),
(155, 138, 50, '도움이 많이 되었습니다.', '2025-08-25 21:55:55'),
(156, 9, 27, '도움이 많이 되었습니다.', '2025-04-17 23:07:02'),
(157, 23, 3, '도움이 많이 되었습니다.', '2025-01-07 11:27:41'),
(158, 98, 43, '혹시 관련 자료를 공유해주실 수 있을까요?', '2025-03-17 20:32:48'),
(159, 97, 42, '같이 스터디하면 좋겠네요.', '2025-06-07 02:46:34'),
(160, 27, 15, '혹시 관련 자료를 공유해주실 수 있을까요?', '2025-07-18 14:47:31'),
(161, 96, 29, '같이 스터디하면 좋겠네요.', '2025-05-19 03:40:57'),
(162, 112, 26, '화이팅입니다. 좋은 결과 있으시길 바랍니다.', '2025-01-16 14:22:13'),
(163, 85, 28, '실제 경험담이라서 더 와닿습니다.', '2025-01-18 04:56:09'),
(164, 28, 45, '혹시 관련 자료를 공유해주실 수 있을까요?', '2025-08-13 20:13:22'),
(165, 98, 50, '혹시 관련 자료를 공유해주실 수 있을까요?', '2025-01-16 19:21:36'),
(166, 30, 6, '혹시 관련 자료를 공유해주실 수 있을까요?', '2025-05-26 06:38:15'),
(167, 93, 4, '앞으로도 좋은 글 부탁드립니다.', '2025-07-25 00:43:22'),
(168, 181, 27, '좋은 팁 감사합니다.', '2025-07-26 21:59:32'),
(169, 95, 4, '실제 경험담이라서 더 와닿습니다.', '2025-05-12 02:52:44'),
(170, 85, 23, '같이 스터디하면 좋겠네요.', '2025-05-06 05:01:02'),
(171, 156, 25, '저도 같은 고민을 하고 있었어요.', '2025-01-10 23:51:16'),
(172, 121, 26, '궁금했던 부분이 해결됐습니다.', '2025-09-12 03:47:52'),
(173, 129, 32, '같이 스터디하면 좋겠네요.', '2025-05-29 10:05:21'),
(174, 136, 12, '같이 스터디하면 좋겠네요.', '2025-01-09 13:38:16'),
(175, 83, 1, '도움이 많이 되었습니다.', '2025-04-03 08:07:28'),
(176, 99, 46, '앞으로도 좋은 글 부탁드립니다.', '2025-06-15 04:08:07'),
(177, 50, 28, '실제 경험담이라서 더 와닿습니다.', '2025-02-01 11:34:21'),
(178, 67, 25, '궁금했던 부분이 해결됐습니다.', '2025-02-14 00:56:08'),
(179, 109, 34, '실제 경험담이라서 더 와닿습니다.', '2025-08-23 05:00:47'),
(180, 191, 22, '좋은 팁 감사합니다.', '2025-08-11 01:12:58'),
(181, 93, 11, '저도 같은 고민을 하고 있었어요.', '2025-01-06 06:17:31'),
(182, 130, 25, '좋은 팁 감사합니다.', '2025-04-06 21:56:09'),
(183, 25, 11, '저도 같은 고민을 하고 있었어요.', '2025-07-07 11:12:59'),
(184, 5, 37, '앞으로도 좋은 글 부탁드립니다.', '2025-01-06 19:44:27'),
(185, 14, 4, '앞으로도 좋은 글 부탁드립니다.', '2025-08-28 23:47:28'),
(186, 184, 15, '실제 경험담이라서 더 와닿습니다.', '2025-03-11 14:34:11'),
(187, 88, 19, '궁금했던 부분이 해결됐습니다.', '2025-05-16 18:55:28'),
(188, 157, 21, '저도 같은 고민을 하고 있었어요.', '2025-04-02 08:11:18'),
(189, 39, 36, '혹시 관련 자료를 공유해주실 수 있을까요?', '2025-02-17 06:26:24'),
(190, 57, 9, '앞으로도 좋은 글 부탁드립니다.', '2025-01-27 13:52:52'),
(191, 102, 10, '혹시 관련 자료를 공유해주실 수 있을까요?', '2025-07-18 19:26:25'),
(192, 5, 4, '궁금했던 부분이 해결됐습니다.', '2025-01-23 13:35:53'),
(193, 123, 40, '실제 경험담이라서 더 와닿습니다.', '2025-05-04 13:00:04'),
(194, 86, 40, '혹시 관련 자료를 공유해주실 수 있을까요?', '2025-01-01 00:14:41'),
(195, 182, 5, '실제 경험담이라서 더 와닿습니다.', '2025-03-04 11:33:35'),
(196, 186, 5, '저도 같은 고민을 하고 있었어요.', '2025-09-09 00:08:44'),
(197, 98, 20, '실제 경험담이라서 더 와닿습니다.', '2025-03-27 20:28:13'),
(198, 54, 4, '정말 유익한 글이네요!', '2025-05-01 17:07:14'),
(199, 186, 47, '저도 같은 고민을 하고 있었어요.', '2025-04-28 20:24:46'),
(200, 84, 38, '실제 경험담이라서 더 와닿습니다.', '2025-03-10 22:27:07'),
(201, 53, 10, '같이 스터디하면 좋겠네요.', '2025-04-05 22:33:35'),
(202, 93, 33, '앞으로도 좋은 글 부탁드립니다.', '2025-03-14 16:24:38'),
(203, 6, 45, '같이 스터디하면 좋겠네요.', '2025-01-11 12:47:09'),
(204, 48, 37, '혹시 관련 자료를 공유해주실 수 있을까요?', '2025-04-01 14:55:15'),
(205, 158, 26, '혹시 관련 자료를 공유해주실 수 있을까요?', '2025-08-05 18:58:27'),
(206, 125, 23, '좋은 팁 감사합니다.', '2025-03-11 13:09:04'),
(207, 155, 21, '실제 경험담이라서 더 와닿습니다.', '2025-08-04 14:49:04'),
(208, 186, 14, '궁금했던 부분이 해결됐습니다.', '2025-07-12 15:36:01'),
(209, 116, 50, '좋은 팁 감사합니다.', '2025-05-10 17:09:04'),
(210, 161, 26, '실제 경험담이라서 더 와닿습니다.', '2025-09-06 06:31:22'),
(211, 31, 46, '앞으로도 좋은 글 부탁드립니다.', '2025-05-12 12:15:12'),
(212, 192, 28, '저도 같은 고민을 하고 있었어요.', '2025-07-17 11:32:14'),
(213, 11, 29, '실제 경험담이라서 더 와닿습니다.', '2025-07-13 09:43:44'),
(214, 57, 38, '도움이 많이 되었습니다.', '2025-03-05 22:53:17'),
(215, 127, 48, '궁금했던 부분이 해결됐습니다.', '2025-07-30 01:56:30'),
(216, 91, 25, '화이팅입니다. 좋은 결과 있으시길 바랍니다.', '2025-03-14 13:15:51'),
(217, 5, 41, '궁금했던 부분이 해결됐습니다.', '2025-02-04 13:50:51'),
(218, 13, 44, '앞으로도 좋은 글 부탁드립니다.', '2025-04-18 04:15:58'),
(219, 24, 15, '궁금했던 부분이 해결됐습니다.', '2025-05-10 02:28:30'),
(220, 120, 41, '도움이 많이 되었습니다.', '2025-02-13 01:21:04'),
(221, 131, 29, '같이 스터디하면 좋겠네요.', '2025-01-07 14:33:34'),
(222, 125, 3, '저도 같은 고민을 하고 있었어요.', '2025-03-23 21:14:40'),
(223, 184, 11, '저도 같은 고민을 하고 있었어요.', '2025-02-07 07:40:37'),
(224, 126, 47, '도움이 많이 되었습니다.', '2025-05-02 23:19:52'),
(225, 131, 17, '정말 유익한 글이네요!', '2025-05-31 10:52:56'),
(226, 66, 22, '실제 경험담이라서 더 와닿습니다.', '2025-03-13 14:49:53'),
(227, 65, 32, '도움이 많이 되었습니다.', '2025-02-21 15:40:54'),
(228, 123, 12, '실제 경험담이라서 더 와닿습니다.', '2025-06-17 23:39:30'),
(229, 159, 39, '혹시 관련 자료를 공유해주실 수 있을까요?', '2025-02-04 07:36:59'),
(230, 107, 23, '앞으로도 좋은 글 부탁드립니다.', '2025-05-02 22:20:33'),
(231, 29, 38, '궁금했던 부분이 해결됐습니다.', '2025-09-10 09:18:12'),
(232, 15, 37, '저도 같은 고민을 하고 있었어요.', '2025-08-30 11:25:11'),
(233, 87, 37, '정말 유익한 글이네요!', '2025-08-04 00:09:29'),
(234, 22, 26, '화이팅입니다. 좋은 결과 있으시길 바랍니다.', '2025-04-03 06:31:42'),
(235, 160, 48, '정말 유익한 글이네요!', '2025-01-23 02:18:19'),
(236, 188, 18, '좋은 팁 감사합니다.', '2025-05-06 19:09:48'),
(237, 49, 26, '도움이 많이 되었습니다.', '2025-07-05 00:22:48'),
(238, 10, 1, '앞으로도 좋은 글 부탁드립니다.', '2025-01-12 17:56:52'),
(239, 154, 50, '앞으로도 좋은 글 부탁드립니다.', '2025-09-07 05:34:58'),
(240, 86, 19, '같이 스터디하면 좋겠네요.', '2025-05-05 01:12:03'),
(241, 66, 27, '정말 유익한 글이네요!', '2025-02-27 02:53:52'),
(242, 111, 20, '정말 유익한 글이네요!', '2025-01-30 05:00:02'),
(243, 74, 18, '정말 유익한 글이네요!', '2025-01-09 10:05:41'),
(244, 32, 29, '앞으로도 좋은 글 부탁드립니다.', '2025-02-08 15:08:02'),
(245, 177, 43, '혹시 관련 자료를 공유해주실 수 있을까요?', '2025-04-21 04:43:52'),
(246, 193, 10, '앞으로도 좋은 글 부탁드립니다.', '2025-08-27 05:21:50'),
(247, 136, 43, '정말 유익한 글이네요!', '2025-01-16 00:33:34'),
(248, 145, 35, '도움이 많이 되었습니다.', '2025-05-24 13:49:17'),
(249, 187, 39, '정말 유익한 글이네요!', '2025-08-18 01:14:20'),
(250, 44, 10, '저도 같은 고민을 하고 있었어요.', '2025-06-04 15:16:37'),
(251, 156, 15, '도움이 많이 되었습니다.', '2025-09-13 12:09:17'),
(252, 84, 6, '화이팅입니다. 좋은 결과 있으시길 바랍니다.', '2025-05-08 06:52:03'),
(253, 89, 39, '좋은 팁 감사합니다.', '2025-07-17 10:32:35'),
(254, 42, 13, '저도 같은 고민을 하고 있었어요.', '2025-05-15 20:41:11'),
(255, 159, 15, '정말 유익한 글이네요!', '2025-07-19 07:05:24'),
(256, 102, 20, '실제 경험담이라서 더 와닿습니다.', '2025-01-25 01:09:39'),
(257, 18, 49, '같이 스터디하면 좋겠네요.', '2025-02-23 22:29:20'),
(258, 64, 40, '좋은 팁 감사합니다.', '2025-04-20 10:42:53'),
(259, 167, 31, '궁금했던 부분이 해결됐습니다.', '2025-08-07 06:00:08'),
(260, 24, 42, '좋은 팁 감사합니다.', '2025-04-15 06:26:19'),
(261, 181, 45, '같이 스터디하면 좋겠네요.', '2025-06-08 23:17:50'),
(262, 21, 3, '화이팅입니다. 좋은 결과 있으시길 바랍니다.', '2025-07-09 20:53:19'),
(263, 39, 46, '화이팅입니다. 좋은 결과 있으시길 바랍니다.', '2025-09-11 08:28:25'),
(264, 114, 15, '도움이 많이 되었습니다.', '2025-01-14 13:15:29'),
(265, 65, 24, '정말 유익한 글이네요!', '2025-03-26 21:36:46'),
(266, 85, 28, '저도 같은 고민을 하고 있었어요.', '2025-03-30 05:25:58'),
(267, 174, 43, '도움이 많이 되었습니다.', '2025-09-07 21:18:08'),
(268, 139, 35, '혹시 관련 자료를 공유해주실 수 있을까요?', '2025-03-09 06:05:32'),
(269, 195, 23, '혹시 관련 자료를 공유해주실 수 있을까요?', '2025-08-22 23:00:52'),
(270, 105, 33, '같이 스터디하면 좋겠네요.', '2025-04-07 11:04:05'),
(271, 147, 21, '혹시 관련 자료를 공유해주실 수 있을까요?', '2025-08-10 06:32:41'),
(272, 165, 10, '같이 스터디하면 좋겠네요.', '2025-08-02 10:04:38'),
(273, 29, 43, '실제 경험담이라서 더 와닿습니다.', '2025-03-22 10:53:04'),
(274, 37, 14, '궁금했던 부분이 해결됐습니다.', '2025-06-06 00:30:01'),
(275, 151, 22, '실제 경험담이라서 더 와닿습니다.', '2025-02-07 16:13:26'),
(276, 23, 40, '혹시 관련 자료를 공유해주실 수 있을까요?', '2025-06-10 18:00:15'),
(277, 165, 21, '화이팅입니다. 좋은 결과 있으시길 바랍니다.', '2025-01-26 05:56:09'),
(278, 126, 1, '실제 경험담이라서 더 와닿습니다.', '2025-02-13 01:17:35'),
(279, 184, 23, '혹시 관련 자료를 공유해주실 수 있을까요?', '2025-07-30 01:52:46'),
(280, 36, 15, '혹시 관련 자료를 공유해주실 수 있을까요?', '2025-03-23 08:18:31'),
(281, 13, 13, '정말 유익한 글이네요!', '2025-06-24 06:08:56'),
(282, 146, 5, '저도 같은 고민을 하고 있었어요.', '2025-07-22 17:17:14'),
(283, 10, 2, '실제 경험담이라서 더 와닿습니다.', '2025-02-06 14:22:53'),
(284, 178, 50, '실제 경험담이라서 더 와닿습니다.', '2025-04-30 13:57:44'),
(285, 152, 33, '화이팅입니다. 좋은 결과 있으시길 바랍니다.', '2025-01-28 04:28:54'),
(286, 126, 26, '도움이 많이 되었습니다.', '2025-07-21 09:49:29'),
(287, 192, 36, '앞으로도 좋은 글 부탁드립니다.', '2025-05-10 06:57:23'),
(288, 29, 6, '화이팅입니다. 좋은 결과 있으시길 바랍니다.', '2025-05-12 09:44:39'),
(289, 53, 24, '실제 경험담이라서 더 와닿습니다.', '2025-08-03 21:41:37'),
(290, 196, 7, '저도 같은 고민을 하고 있었어요.', '2025-06-29 14:22:49'),
(291, 16, 27, '실제 경험담이라서 더 와닿습니다.', '2025-07-21 00:39:11'),
(292, 181, 45, '같이 스터디하면 좋겠네요.', '2025-06-01 07:37:50'),
(293, 84, 9, '혹시 관련 자료를 공유해주실 수 있을까요?', '2025-04-09 22:26:52'),
(294, 65, 39, '앞으로도 좋은 글 부탁드립니다.', '2025-04-18 15:33:33'),
(295, 143, 6, '혹시 관련 자료를 공유해주실 수 있을까요?', '2025-02-07 21:53:31'),
(296, 195, 50, '화이팅입니다. 좋은 결과 있으시길 바랍니다.', '2025-04-23 05:31:17'),
(297, 61, 16, '혹시 관련 자료를 공유해주실 수 있을까요?', '2025-06-12 23:42:19'),
(298, 141, 28, '저도 같은 고민을 하고 있었어요.', '2025-02-17 13:48:07'),
(299, 134, 31, '도움이 많이 되었습니다.', '2025-02-18 17:07:04'),
(300, 125, 32, '같이 스터디하면 좋겠네요.', '2025-02-11 04:05:03'),
(301, 186, 43, '화이팅입니다. 좋은 결과 있으시길 바랍니다.', '2025-06-13 08:10:08'),
(302, 143, 46, '저도 같은 고민을 하고 있었어요.', '2025-08-10 21:21:04'),
(303, 128, 48, '좋은 팁 감사합니다.', '2025-03-24 09:42:40'),
(304, 110, 50, '실제 경험담이라서 더 와닿습니다.', '2025-07-30 03:01:46'),
(305, 39, 45, '실제 경험담이라서 더 와닿습니다.', '2025-08-22 12:18:32'),
(306, 145, 34, '실제 경험담이라서 더 와닿습니다.', '2025-01-13 05:52:25'),
(307, 35, 15, '화이팅입니다. 좋은 결과 있으시길 바랍니다.', '2025-08-13 05:42:48'),
(308, 117, 4, '혹시 관련 자료를 공유해주실 수 있을까요?', '2025-01-21 23:32:59'),
(309, 96, 33, '궁금했던 부분이 해결됐습니다.', '2025-06-28 05:15:21'),
(310, 87, 3, '화이팅입니다. 좋은 결과 있으시길 바랍니다.', '2025-01-09 14:22:33'),
(311, 35, 21, '화이팅입니다. 좋은 결과 있으시길 바랍니다.', '2025-05-23 14:58:06'),
(312, 99, 14, '실제 경험담이라서 더 와닿습니다.', '2025-03-29 05:02:56'),
(313, 17, 48, '정말 유익한 글이네요!', '2025-02-27 19:34:04'),
(314, 7, 43, '같이 스터디하면 좋겠네요.', '2025-08-11 02:52:25'),
(315, 92, 8, '좋은 팁 감사합니다.', '2025-04-06 09:42:16'),
(316, 101, 45, '같이 스터디하면 좋겠네요.', '2025-03-30 13:20:23'),
(317, 30, 33, '혹시 관련 자료를 공유해주실 수 있을까요?', '2025-04-12 13:46:56'),
(318, 34, 26, '좋은 팁 감사합니다.', '2025-04-19 02:28:21'),
(319, 29, 35, '궁금했던 부분이 해결됐습니다.', '2025-02-26 16:33:07'),
(320, 171, 43, '궁금했던 부분이 해결됐습니다.', '2025-02-03 08:22:27'),
(321, 129, 36, '좋은 팁 감사합니다.', '2025-04-09 19:58:17'),
(322, 143, 32, '실제 경험담이라서 더 와닿습니다.', '2025-02-08 03:35:36'),
(323, 79, 45, '앞으로도 좋은 글 부탁드립니다.', '2025-03-26 07:55:40'),
(324, 157, 2, '좋은 팁 감사합니다.', '2025-05-27 15:21:06'),
(325, 149, 39, '궁금했던 부분이 해결됐습니다.', '2025-08-31 17:43:04'),
(326, 3, 19, '저도 같은 고민을 하고 있었어요.', '2025-08-26 08:22:02'),
(327, 79, 37, '좋은 팁 감사합니다.', '2025-03-26 15:56:26'),
(328, 156, 37, '정말 유익한 글이네요!', '2025-04-18 11:06:09'),
(329, 163, 42, '궁금했던 부분이 해결됐습니다.', '2025-03-10 07:08:53'),
(330, 191, 44, '화이팅입니다. 좋은 결과 있으시길 바랍니다.', '2025-09-04 06:53:50'),
(331, 45, 50, '실제 경험담이라서 더 와닿습니다.', '2025-03-09 01:34:49'),
(332, 10, 8, '궁금했던 부분이 해결됐습니다.', '2025-04-24 00:10:31'),
(333, 108, 33, '정말 유익한 글이네요!', '2025-08-24 02:51:13'),
(334, 44, 26, '화이팅입니다. 좋은 결과 있으시길 바랍니다.', '2025-05-28 03:24:57'),
(335, 38, 12, '저도 같은 고민을 하고 있었어요.', '2025-06-21 09:51:38'),
(336, 5, 4, '정말 유익한 글이네요!', '2025-08-16 00:28:32'),
(337, 58, 49, '정말 유익한 글이네요!', '2025-02-10 12:00:06'),
(338, 81, 9, '정말 유익한 글이네요!', '2025-08-17 07:43:19'),
(339, 41, 43, '앞으로도 좋은 글 부탁드립니다.', '2025-01-05 12:56:00'),
(340, 172, 28, '실제 경험담이라서 더 와닿습니다.', '2025-08-01 11:17:20'),
(341, 146, 25, '정말 유익한 글이네요!', '2025-04-18 01:59:24'),
(342, 181, 27, '저도 같은 고민을 하고 있었어요.', '2025-02-02 14:36:17'),
(343, 160, 50, '실제 경험담이라서 더 와닿습니다.', '2025-06-13 09:20:45'),
(344, 23, 44, '같이 스터디하면 좋겠네요.', '2025-01-12 18:51:47'),
(345, 148, 44, '정말 유익한 글이네요!', '2025-04-22 19:50:04'),
(346, 198, 50, '앞으로도 좋은 글 부탁드립니다.', '2025-04-21 09:51:57'),
(347, 70, 48, '앞으로도 좋은 글 부탁드립니다.', '2025-02-26 21:55:14'),
(348, 77, 3, '혹시 관련 자료를 공유해주실 수 있을까요?', '2025-01-15 08:33:32'),
(349, 182, 23, '화이팅입니다. 좋은 결과 있으시길 바랍니다.', '2025-07-08 01:42:57'),
(350, 199, 10, '정말 유익한 글이네요!', '2025-02-13 10:48:51'),
(351, 152, 39, '좋은 팁 감사합니다.', '2025-03-02 20:55:11'),
(352, 187, 42, '궁금했던 부분이 해결됐습니다.', '2025-01-18 00:57:08'),
(353, 8, 40, '저도 같은 고민을 하고 있었어요.', '2025-03-20 00:38:12'),
(354, 170, 8, '화이팅입니다. 좋은 결과 있으시길 바랍니다.', '2025-08-12 22:49:57'),
(355, 186, 29, '같이 스터디하면 좋겠네요.', '2025-05-02 12:47:59'),
(356, 126, 33, '같이 스터디하면 좋겠네요.', '2025-06-13 07:04:49'),
(357, 149, 48, '도움이 많이 되었습니다.', '2025-06-20 12:47:12'),
(358, 73, 16, '궁금했던 부분이 해결됐습니다.', '2025-06-05 12:21:34'),
(359, 127, 10, '실제 경험담이라서 더 와닿습니다.', '2025-08-12 17:28:28'),
(360, 181, 1, '정말 유익한 글이네요!', '2025-05-22 05:02:21'),
(361, 184, 15, '화이팅입니다. 좋은 결과 있으시길 바랍니다.', '2025-05-30 12:44:46'),
(362, 1, 6, '앞으로도 좋은 글 부탁드립니다.', '2025-03-15 00:39:38'),
(363, 79, 10, '도움이 많이 되었습니다.', '2025-01-16 08:24:05'),
(364, 76, 39, '도움이 많이 되었습니다.', '2025-05-10 03:31:11'),
(365, 34, 50, '같이 스터디하면 좋겠네요.', '2025-04-23 14:01:08'),
(366, 105, 25, '같이 스터디하면 좋겠네요.', '2025-01-30 02:17:04'),
(367, 112, 49, '혹시 관련 자료를 공유해주실 수 있을까요?', '2025-04-05 07:20:39'),
(368, 79, 24, '좋은 팁 감사합니다.', '2025-05-28 08:00:33'),
(369, 189, 19, '실제 경험담이라서 더 와닿습니다.', '2025-08-13 17:25:01'),
(370, 54, 1, '화이팅입니다. 좋은 결과 있으시길 바랍니다.', '2025-05-01 08:06:28'),
(371, 44, 24, '궁금했던 부분이 해결됐습니다.', '2025-03-10 23:05:40'),
(372, 184, 20, '실제 경험담이라서 더 와닿습니다.', '2025-01-23 03:08:16'),
(373, 97, 39, '도움이 많이 되었습니다.', '2025-04-26 04:01:30'),
(374, 114, 31, '궁금했던 부분이 해결됐습니다.', '2025-07-19 07:44:38'),
(375, 160, 19, '화이팅입니다. 좋은 결과 있으시길 바랍니다.', '2025-02-26 12:58:24'),
(376, 29, 5, '도움이 많이 되었습니다.', '2025-04-13 03:08:47'),
(377, 87, 3, '같이 스터디하면 좋겠네요.', '2025-07-20 19:44:29'),
(378, 66, 39, '좋은 팁 감사합니다.', '2025-03-20 05:39:18'),
(379, 93, 29, '실제 경험담이라서 더 와닿습니다.', '2025-02-05 13:35:01'),
(380, 6, 26, '화이팅입니다. 좋은 결과 있으시길 바랍니다.', '2025-05-31 20:43:16'),
(381, 168, 49, '저도 같은 고민을 하고 있었어요.', '2025-07-06 10:56:17'),
(382, 108, 15, '실제 경험담이라서 더 와닿습니다.', '2025-06-28 00:16:05'),
(383, 89, 21, '화이팅입니다. 좋은 결과 있으시길 바랍니다.', '2025-08-02 10:46:30'),
(384, 151, 12, '도움이 많이 되었습니다.', '2025-04-13 20:35:37'),
(385, 15, 22, '화이팅입니다. 좋은 결과 있으시길 바랍니다.', '2025-07-19 11:39:00'),
(386, 136, 47, '혹시 관련 자료를 공유해주실 수 있을까요?', '2025-05-26 09:34:14'),
(387, 149, 27, '화이팅입니다. 좋은 결과 있으시길 바랍니다.', '2025-04-28 00:19:57'),
(388, 108, 17, '궁금했던 부분이 해결됐습니다.', '2025-01-02 05:48:05'),
(389, 143, 37, '화이팅입니다. 좋은 결과 있으시길 바랍니다.', '2025-04-20 22:24:15'),
(390, 104, 3, '저도 같은 고민을 하고 있었어요.', '2025-07-13 18:03:49'),
(391, 105, 41, '같이 스터디하면 좋겠네요.', '2025-03-06 16:23:05'),
(392, 19, 22, '궁금했던 부분이 해결됐습니다.', '2025-02-08 15:34:48'),
(393, 62, 37, '좋은 팁 감사합니다.', '2025-07-08 06:53:04'),
(394, 65, 28, '궁금했던 부분이 해결됐습니다.', '2025-08-15 01:52:30'),
(395, 144, 2, '같이 스터디하면 좋겠네요.', '2025-06-11 01:54:55'),
(396, 156, 26, '정말 유익한 글이네요!', '2025-05-22 03:45:38'),
(397, 155, 16, '앞으로도 좋은 글 부탁드립니다.', '2025-05-04 20:19:23'),
(398, 125, 18, '실제 경험담이라서 더 와닿습니다.', '2025-09-01 20:45:09'),
(399, 129, 11, '궁금했던 부분이 해결됐습니다.', '2025-03-19 10:09:11'),
(400, 114, 35, '같이 스터디하면 좋겠네요.', '2025-08-17 01:00:50'),
(401, 44, 28, '같이 스터디하면 좋겠네요.', '2025-05-15 17:33:15'),
(402, 89, 44, '혹시 관련 자료를 공유해주실 수 있을까요?', '2025-04-09 07:55:40'),
(403, 36, 8, '앞으로도 좋은 글 부탁드립니다.', '2025-04-15 18:20:59'),
(404, 54, 20, '혹시 관련 자료를 공유해주실 수 있을까요?', '2025-06-30 14:07:37'),
(405, 198, 39, '정말 유익한 글이네요!', '2025-04-26 04:56:32'),
(406, 183, 15, '같이 스터디하면 좋겠네요.', '2025-06-08 19:54:04'),
(407, 22, 19, '저도 같은 고민을 하고 있었어요.', '2025-07-18 04:48:49'),
(408, 155, 8, '정말 유익한 글이네요!', '2025-09-04 08:16:38'),
(409, 108, 50, '궁금했던 부분이 해결됐습니다.', '2025-07-04 03:05:43'),
(410, 13, 39, '혹시 관련 자료를 공유해주실 수 있을까요?', '2025-05-25 18:36:35'),
(411, 17, 35, '정말 유익한 글이네요!', '2025-06-26 08:02:50'),
(412, 32, 36, '앞으로도 좋은 글 부탁드립니다.', '2025-07-17 03:32:45'),
(413, 127, 2, '정말 유익한 글이네요!', '2025-02-25 21:47:04'),
(414, 22, 42, '앞으로도 좋은 글 부탁드립니다.', '2025-03-27 07:52:15'),
(415, 190, 19, '혹시 관련 자료를 공유해주실 수 있을까요?', '2025-02-19 03:06:55'),
(416, 167, 47, '좋은 팁 감사합니다.', '2025-05-03 20:54:53'),
(417, 28, 36, '같이 스터디하면 좋겠네요.', '2025-07-22 22:47:11'),
(418, 152, 9, '궁금했던 부분이 해결됐습니다.', '2025-02-13 08:29:34'),
(419, 47, 6, '도움이 많이 되었습니다.', '2025-08-12 04:36:09'),
(420, 55, 28, '저도 같은 고민을 하고 있었어요.', '2025-06-29 15:33:20'),
(421, 178, 15, '화이팅입니다. 좋은 결과 있으시길 바랍니다.', '2025-06-17 07:04:11'),
(422, 69, 46, '정말 유익한 글이네요!', '2025-03-29 12:33:16'),
(423, 145, 15, '도움이 많이 되었습니다.', '2025-08-29 14:42:19'),
(424, 162, 49, '좋은 팁 감사합니다.', '2025-03-31 13:44:34'),
(425, 78, 2, '혹시 관련 자료를 공유해주실 수 있을까요?', '2025-02-19 17:17:37'),
(426, 4, 45, '정말 유익한 글이네요!', '2025-02-18 16:21:12'),
(427, 152, 32, '궁금했던 부분이 해결됐습니다.', '2025-01-30 11:36:28'),
(428, 41, 9, '도움이 많이 되었습니다.', '2025-03-24 09:06:53'),
(429, 106, 44, '앞으로도 좋은 글 부탁드립니다.', '2025-01-28 16:34:51'),
(430, 25, 41, '실제 경험담이라서 더 와닿습니다.', '2025-05-03 02:24:07'),
(431, 37, 17, '같이 스터디하면 좋겠네요.', '2025-08-09 17:49:35'),
(432, 96, 14, '궁금했던 부분이 해결됐습니다.', '2025-05-08 21:09:36'),
(433, 185, 40, '궁금했던 부분이 해결됐습니다.', '2025-07-30 14:54:42'),
(434, 198, 13, '실제 경험담이라서 더 와닿습니다.', '2025-05-31 19:40:16'),
(435, 146, 6, '같이 스터디하면 좋겠네요.', '2025-03-22 02:32:16'),
(436, 197, 2, '정말 유익한 글이네요!', '2025-06-24 20:05:25'),
(437, 126, 24, '앞으로도 좋은 글 부탁드립니다.', '2025-07-15 00:13:29'),
(438, 149, 13, '화이팅입니다. 좋은 결과 있으시길 바랍니다.', '2025-03-26 10:36:12'),
(439, 196, 3, '정말 유익한 글이네요!', '2025-09-08 19:50:12'),
(440, 70, 10, '정말 유익한 글이네요!', '2025-07-18 07:41:43'),
(441, 91, 31, '도움이 많이 되었습니다.', '2025-07-03 16:49:28'),
(442, 95, 28, '앞으로도 좋은 글 부탁드립니다.', '2025-03-19 04:24:51'),
(443, 2, 31, '좋은 팁 감사합니다.', '2025-03-26 06:02:07'),
(444, 190, 15, '앞으로도 좋은 글 부탁드립니다.', '2025-08-27 02:10:42'),
(445, 98, 11, '저도 같은 고민을 하고 있었어요.', '2025-07-12 00:04:02'),
(446, 196, 11, '저도 같은 고민을 하고 있었어요.', '2025-04-14 22:12:43'),
(447, 171, 9, '도움이 많이 되었습니다.', '2025-01-03 04:53:06'),
(448, 91, 1, '앞으로도 좋은 글 부탁드립니다.', '2025-04-14 08:40:17'),
(449, 178, 48, '같이 스터디하면 좋겠네요.', '2025-07-13 01:07:47'),
(450, 83, 19, '같이 스터디하면 좋겠네요.', '2025-04-10 22:37:02'),
(451, 122, 5, '도움이 많이 되었습니다.', '2025-06-05 23:43:46'),
(452, 176, 33, '도움이 많이 되었습니다.', '2025-03-25 23:07:21'),
(453, 43, 18, '앞으로도 좋은 글 부탁드립니다.', '2025-07-10 01:08:56'),
(454, 190, 27, '같이 스터디하면 좋겠네요.', '2025-07-24 13:02:04'),
(455, 44, 30, '앞으로도 좋은 글 부탁드립니다.', '2025-01-29 11:32:11'),
(456, 182, 19, '앞으로도 좋은 글 부탁드립니다.', '2025-09-13 05:50:48'),
(457, 120, 42, '정말 유익한 글이네요!', '2025-04-14 22:52:27'),
(458, 110, 11, '혹시 관련 자료를 공유해주실 수 있을까요?', '2025-05-12 07:13:59'),
(459, 175, 41, '좋은 팁 감사합니다.', '2025-04-09 23:07:06'),
(460, 29, 9, '실제 경험담이라서 더 와닿습니다.', '2025-07-27 20:23:28'),
(461, 45, 28, '궁금했던 부분이 해결됐습니다.', '2025-04-19 07:17:10'),
(462, 135, 43, '저도 같은 고민을 하고 있었어요.', '2025-04-12 01:44:39'),
(463, 29, 49, '도움이 많이 되었습니다.', '2025-07-10 13:06:49'),
(464, 115, 45, '궁금했던 부분이 해결됐습니다.', '2025-03-31 13:55:27'),
(465, 76, 8, '정말 유익한 글이네요!', '2025-01-07 17:53:25'),
(466, 53, 36, '실제 경험담이라서 더 와닿습니다.', '2025-01-29 17:32:38'),
(467, 138, 34, '저도 같은 고민을 하고 있었어요.', '2025-06-26 04:53:55'),
(468, 72, 26, '앞으로도 좋은 글 부탁드립니다.', '2025-04-18 14:03:50'),
(469, 199, 44, '정말 유익한 글이네요!', '2025-02-13 17:17:38'),
(470, 113, 25, '화이팅입니다. 좋은 결과 있으시길 바랍니다.', '2025-04-14 20:56:50'),
(471, 114, 18, '좋은 팁 감사합니다.', '2025-02-01 00:32:17'),
(472, 156, 7, '같이 스터디하면 좋겠네요.', '2025-05-06 22:10:54'),
(473, 177, 29, '좋은 팁 감사합니다.', '2025-03-14 18:54:36'),
(474, 110, 2, '실제 경험담이라서 더 와닿습니다.', '2025-07-31 23:21:51'),
(475, 2, 50, '앞으로도 좋은 글 부탁드립니다.', '2025-06-13 01:12:04'),
(476, 121, 33, '궁금했던 부분이 해결됐습니다.', '2025-03-08 22:36:27'),
(477, 55, 38, '혹시 관련 자료를 공유해주실 수 있을까요?', '2025-08-14 09:57:37'),
(478, 110, 44, '저도 같은 고민을 하고 있었어요.', '2025-03-20 04:57:04'),
(479, 128, 49, '같이 스터디하면 좋겠네요.', '2025-02-10 07:56:13'),
(480, 190, 21, '도움이 많이 되었습니다.', '2025-05-28 11:41:03'),
(481, 161, 22, '정말 유익한 글이네요!', '2025-05-17 05:59:24'),
(482, 53, 23, '실제 경험담이라서 더 와닿습니다.', '2025-05-26 18:02:30'),
(483, 111, 2, '궁금했던 부분이 해결됐습니다.', '2025-01-12 19:11:22'),
(484, 178, 35, '정말 유익한 글이네요!', '2025-09-13 06:56:28'),
(485, 63, 36, '궁금했던 부분이 해결됐습니다.', '2025-04-11 01:57:27'),
(486, 100, 42, '궁금했던 부분이 해결됐습니다.', '2025-07-13 16:48:15'),
(487, 124, 45, '혹시 관련 자료를 공유해주실 수 있을까요?', '2025-06-22 09:52:46'),
(488, 157, 27, '궁금했던 부분이 해결됐습니다.', '2025-03-14 21:32:09'),
(489, 195, 32, '혹시 관련 자료를 공유해주실 수 있을까요?', '2025-06-04 12:44:15'),
(490, 13, 35, '혹시 관련 자료를 공유해주실 수 있을까요?', '2025-06-17 15:30:38'),
(491, 165, 45, '궁금했던 부분이 해결됐습니다.', '2025-04-03 12:21:01'),
(492, 62, 9, '앞으로도 좋은 글 부탁드립니다.', '2025-07-13 14:05:40'),
(493, 51, 3, '좋은 팁 감사합니다.', '2025-04-16 10:44:43'),
(494, 90, 7, '좋은 팁 감사합니다.', '2025-01-16 08:50:37'),
(495, 177, 38, '궁금했던 부분이 해결됐습니다.', '2025-09-05 07:52:47'),
(496, 23, 2, '같이 스터디하면 좋겠네요.', '2025-08-24 18:26:39'),
(497, 87, 43, '궁금했던 부분이 해결됐습니다.', '2025-02-10 16:20:07'),
(498, 69, 17, '궁금했던 부분이 해결됐습니다.', '2025-04-12 01:14:29'),
(499, 63, 19, '저도 같은 고민을 하고 있었어요.', '2025-04-01 08:21:53'),
(500, 157, 10, '도움이 많이 되었습니다.', '2025-05-15 23:36:28');

-- LIKES
INSERT INTO post_likes (like_id, post_idx, user_id, created_at) VALUES
(1, 85, 35, '2025-04-12 02:15:37'),
(2, 179, 36, '2025-02-07 01:52:54'),
(3, 161, 14, '2025-04-15 09:26:29'),
(4, 21, 22, '2025-05-02 14:23:23'),
(5, 86, 8, '2025-05-24 12:38:38'),
(6, 122, 1, '2025-06-16 10:25:04'),
(7, 115, 38, '2025-08-26 18:22:06'),
(8, 139, 48, '2025-04-01 11:30:42'),
(9, 159, 29, '2025-04-11 08:23:02'),
(10, 114, 39, '2025-02-03 16:50:34'),
(11, 76, 13, '2025-08-28 04:18:39'),
(12, 19, 39, '2025-03-23 14:47:12'),
(13, 35, 43, '2025-04-20 08:06:08'),
(14, 31, 41, '2025-06-09 12:12:17'),
(15, 1, 30, '2025-03-14 01:23:08'),
(16, 71, 35, '2025-02-03 05:01:28'),
(17, 76, 45, '2025-05-15 14:09:21'),
(18, 72, 45, '2025-03-14 22:04:07'),
(19, 181, 39, '2025-03-07 18:44:22'),
(20, 183, 33, '2025-06-28 23:35:49'),
(21, 15, 9, '2025-01-11 05:52:47'),
(22, 176, 49, '2025-07-22 03:47:29'),
(23, 62, 28, '2025-07-19 05:38:34'),
(24, 198, 33, '2025-07-16 12:50:20'),
(25, 59, 9, '2025-07-06 17:56:25'),
(26, 48, 4, '2025-03-04 10:57:55'),
(27, 183, 45, '2025-04-06 11:10:05'),
(28, 57, 18, '2025-06-23 10:26:50'),
(29, 131, 25, '2025-05-25 23:56:03'),
(30, 94, 50, '2025-05-23 18:23:21'),
(31, 62, 22, '2025-05-16 23:22:09'),
(32, 200, 36, '2025-01-17 10:28:31'),
(33, 116, 41, '2025-01-11 09:30:33'),
(34, 74, 24, '2025-04-09 19:39:33'),
(35, 29, 41, '2025-03-22 03:21:45'),
(36, 63, 34, '2025-04-03 01:53:56'),
(37, 189, 29, '2025-02-20 04:34:44'),
(38, 193, 27, '2025-01-31 21:51:59'),
(39, 177, 36, '2025-02-26 13:59:07'),
(40, 31, 22, '2025-01-12 01:18:47'),
(41, 69, 32, '2025-06-30 07:35:35'),
(42, 135, 9, '2025-04-15 11:48:40'),
(43, 60, 8, '2025-05-17 08:04:11'),
(44, 36, 22, '2025-04-27 06:03:26'),
(45, 25, 3, '2025-01-20 12:15:27'),
(46, 190, 13, '2025-07-08 03:29:21'),
(47, 32, 34, '2025-06-06 13:33:50'),
(48, 45, 44, '2025-01-17 16:10:21'),
(49, 141, 15, '2025-03-21 18:23:39'),
(50, 111, 49, '2025-02-25 03:04:05'),
(51, 161, 35, '2025-09-01 07:41:32'),
(52, 133, 49, '2025-03-21 17:56:02'),
(53, 7, 22, '2025-05-24 00:55:07'),
(54, 135, 33, '2025-04-30 15:19:06'),
(55, 28, 26, '2025-03-23 18:01:16'),
(56, 93, 41, '2025-04-15 10:20:15'),
(57, 139, 9, '2025-03-29 18:53:00'),
(58, 140, 18, '2025-07-08 04:24:40'),
(59, 88, 5, '2025-03-21 03:16:33'),
(60, 121, 7, '2025-05-27 12:13:50'),
(61, 29, 35, '2025-05-21 16:01:45'),
(62, 67, 29, '2025-08-03 07:46:37'),
(63, 180, 22, '2025-05-16 10:11:02'),
(64, 175, 13, '2025-08-07 14:02:17'),
(65, 141, 16, '2025-06-01 00:17:41'),
(66, 26, 31, '2025-03-17 07:47:30'),
(67, 8, 38, '2025-01-12 05:00:26'),
(68, 150, 11, '2025-04-11 07:57:19'),
(69, 32, 8, '2025-08-01 01:38:33'),
(70, 137, 44, '2025-02-08 00:35:21'),
(71, 142, 44, '2025-01-21 21:21:12'),
(72, 158, 2, '2025-05-25 13:55:05'),
(73, 123, 7, '2025-07-30 12:02:40'),
(74, 161, 44, '2025-04-07 19:57:38'),
(75, 164, 24, '2025-01-22 16:34:36'),
(76, 129, 49, '2025-07-14 17:56:16'),
(77, 178, 18, '2025-06-07 07:59:11'),
(78, 51, 9, '2025-01-09 12:05:21'),
(79, 21, 27, '2025-03-19 13:43:05'),
(80, 90, 48, '2025-08-23 04:21:29'),
(81, 85, 23, '2025-07-30 11:49:10'),
(82, 181, 24, '2025-04-20 09:05:30'),
(83, 101, 43, '2025-05-04 02:08:45'),
(84, 171, 50, '2025-09-10 20:55:02'),
(85, 2, 22, '2025-01-24 14:20:41'),
(86, 45, 1, '2025-08-25 19:50:49'),
(87, 54, 17, '2025-08-22 03:13:43'),
(88, 110, 11, '2025-02-16 16:38:35'),
(89, 128, 23, '2025-03-23 07:10:51'),
(90, 8, 8, '2025-08-04 00:14:28'),
(91, 55, 31, '2025-03-28 04:43:00'),
(92, 95, 36, '2025-07-20 19:17:55'),
(93, 43, 37, '2025-09-08 03:07:06'),
(94, 58, 36, '2025-06-04 07:34:02'),
(95, 6, 3, '2025-02-18 04:24:20'),
(96, 185, 9, '2025-02-09 23:23:12'),
(97, 180, 4, '2025-06-11 11:46:13'),
(98, 99, 10, '2025-05-07 23:45:33'),
(99, 173, 22, '2025-01-26 14:34:26'),
(100, 116, 12, '2025-06-12 21:44:41'),
(101, 99, 28, '2025-08-13 05:59:32'),
(102, 114, 45, '2025-07-23 00:30:23'),
(103, 169, 27, '2025-09-10 09:12:14'),
(104, 174, 48, '2025-03-15 12:26:18'),
(105, 169, 44, '2025-02-04 23:59:53'),
(106, 167, 18, '2025-07-13 21:25:33'),
(107, 129, 45, '2025-06-14 09:41:58'),
(108, 119, 44, '2025-01-10 16:18:20'),
(109, 163, 40, '2025-01-16 19:16:49'),
(110, 182, 34, '2025-02-27 14:11:47'),
(111, 127, 40, '2025-06-06 06:56:29'),
(112, 157, 15, '2025-04-10 01:05:12'),
(113, 106, 4, '2025-08-20 18:13:11'),
(114, 108, 42, '2025-03-26 02:43:22'),
(115, 157, 17, '2025-08-21 17:28:59'),
(116, 154, 27, '2025-07-16 02:11:19'),
(117, 67, 43, '2025-02-17 14:11:04'),
(118, 2, 33, '2025-04-04 22:55:28'),
(119, 67, 41, '2025-03-03 09:39:53'),
(120, 106, 26, '2025-08-13 19:44:35'),
(121, 95, 39, '2025-05-11 19:30:28'),
(122, 73, 40, '2025-06-18 06:38:38'),
(123, 88, 15, '2025-04-08 18:12:32'),
(124, 43, 39, '2025-06-29 15:59:38'),
(125, 51, 2, '2025-01-09 20:18:35'),
(126, 68, 19, '2025-03-02 23:27:13'),
(127, 74, 18, '2025-07-20 00:48:58'),
(128, 109, 25, '2025-08-29 04:37:41'),
(129, 53, 10, '2025-05-17 17:27:17'),
(130, 136, 21, '2025-06-20 10:32:47'),
(131, 165, 34, '2025-07-28 23:14:19'),
(132, 70, 33, '2025-08-10 11:56:51'),
(133, 93, 15, '2025-07-09 18:29:14'),
(134, 82, 4, '2025-07-02 23:19:01'),
(135, 34, 2, '2025-02-13 13:10:17'),
(136, 63, 29, '2025-05-23 04:24:19'),
(137, 142, 46, '2025-09-07 06:50:49'),
(138, 119, 15, '2025-05-13 02:41:05'),
(139, 44, 48, '2025-02-02 19:45:44'),
(140, 196, 41, '2025-05-07 14:32:58'),
(141, 189, 7, '2025-09-01 14:23:55'),
(142, 197, 25, '2025-08-24 20:20:16'),
(143, 151, 19, '2025-06-02 20:54:35'),
(144, 84, 8, '2025-08-17 00:14:23'),
(145, 164, 37, '2025-08-05 00:35:21'),
(146, 182, 39, '2025-06-15 03:51:31'),
(147, 3, 15, '2025-05-13 11:30:22'),
(148, 124, 34, '2025-05-29 19:39:42'),
(149, 125, 20, '2025-01-27 21:31:54'),
(150, 83, 16, '2025-09-01 11:26:07'),
(151, 4, 16, '2025-07-14 15:18:05'),
(152, 111, 12, '2025-02-10 23:37:59'),
(153, 81, 35, '2025-02-11 01:13:53'),
(154, 183, 24, '2025-07-24 11:57:34'),
(155, 161, 9, '2025-07-30 21:03:27'),
(156, 87, 30, '2025-02-28 07:33:54'),
(157, 190, 49, '2025-02-26 22:16:37'),
(158, 118, 50, '2025-09-04 17:20:03'),
(159, 85, 8, '2025-01-04 00:39:31'),
(160, 50, 6, '2025-09-13 13:08:30'),
(161, 176, 10, '2025-05-19 21:09:51'),
(162, 186, 45, '2025-02-08 22:00:36'),
(163, 35, 39, '2025-01-28 09:17:17'),
(164, 136, 38, '2025-07-19 04:01:35'),
(165, 150, 17, '2025-03-28 22:54:53'),
(166, 10, 16, '2025-01-15 20:22:24'),
(167, 26, 37, '2025-01-09 01:25:33'),
(168, 100, 34, '2025-07-15 04:47:30'),
(169, 158, 23, '2025-01-08 16:56:38'),
(170, 101, 23, '2025-07-11 19:30:02'),
(171, 184, 8, '2025-04-12 23:46:54'),
(172, 55, 18, '2025-05-03 09:47:19'),
(173, 15, 4, '2025-05-24 16:43:35'),
(174, 134, 8, '2025-06-06 06:37:38'),
(175, 97, 40, '2025-03-28 11:30:35'),
(176, 173, 46, '2025-08-02 21:12:21'),
(177, 38, 2, '2025-02-16 17:33:04'),
(178, 185, 17, '2025-06-29 14:54:27'),
(179, 61, 25, '2025-04-12 20:07:21'),
(180, 180, 10, '2025-08-01 23:34:41'),
(181, 32, 46, '2025-07-27 19:27:16'),
(182, 144, 25, '2025-06-17 03:18:44'),
(183, 49, 19, '2025-09-06 21:47:37'),
(184, 16, 18, '2025-03-13 21:04:31'),
(185, 124, 31, '2025-03-03 13:43:05'),
(186, 137, 42, '2025-01-06 03:07:17'),
(187, 116, 29, '2025-02-06 19:44:23'),
(188, 61, 19, '2025-06-06 21:22:55'),
(189, 118, 37, '2025-05-27 07:29:38'),
(190, 193, 21, '2025-06-11 07:15:39'),
(191, 91, 25, '2025-04-03 06:40:08'),
(192, 72, 6, '2025-07-17 05:17:07'),
(193, 97, 2, '2025-05-29 14:20:32'),
(194, 194, 17, '2025-06-23 09:20:00'),
(195, 176, 18, '2025-04-10 07:59:22'),
(196, 25, 45, '2025-08-17 22:33:49'),
(197, 155, 32, '2025-02-03 22:52:19'),
(198, 144, 22, '2025-07-22 11:55:21'),
(199, 78, 44, '2025-04-02 01:05:20'),
(200, 74, 20, '2025-05-07 09:09:50'),
(201, 41, 48, '2025-08-07 02:45:36'),
(202, 175, 14, '2025-03-17 05:35:46'),
(203, 30, 18, '2025-05-04 19:24:32'),
(204, 130, 45, '2025-09-12 23:34:19'),
(205, 160, 49, '2025-06-28 01:35:21'),
(206, 99, 5, '2025-01-16 09:34:28'),
(207, 147, 13, '2025-08-01 15:18:52'),
(208, 23, 13, '2025-04-18 16:31:25'),
(209, 104, 24, '2025-08-03 13:22:31'),
(210, 39, 46, '2025-06-27 14:28:07'),
(211, 174, 4, '2025-02-02 03:23:50'),
(212, 91, 48, '2025-09-09 03:34:45'),
(213, 149, 41, '2025-05-14 08:38:07'),
(214, 160, 48, '2025-06-09 05:48:50'),
(215, 97, 28, '2025-01-08 19:18:15'),
(216, 140, 1, '2025-04-02 10:27:21');

-- MENTOR PROFILES
INSERT INTO mentor_profiles (mentor_idx, user_idx, contact_email, business_name, contact_phone, preferred_field_id, introduction, portfolio_link, is_approved, created_at, updated_at) VALUES
(1, 1, 'seonghyeon65@yu.org', '자동차 조립원 전문가', '017-871-1024', 2, '10년 경력의 백엔드 개발자입니다. 실무 경험을 기반으로 멘토링을 제공합니다.', 'http://portfolio.com/1', 1, NOW(), NOW()),
(2, 2, 'mgim@dreamwiz.com', '치과 의사 전문가', '016-390-4756', 2, '취업 준비를 위한 포트폴리오 컨설팅을 진행합니다.', 'http://portfolio.com/2', 1, NOW(), NOW()),
(3, 3, 'geonu84@igim.com', '사서 및 기록물관리사 전문가', '016-433-1808', 2, 'UI/UX 디자인 실무 노하우를 알려드립니다.', 'http://portfolio.com/3', 1, NOW(), NOW()),
(4, 4, 'jju@heosim.com', '관제사 전문가', '054-307-7153', 2, '데이터 분석과 머신러닝 프로젝트 경험이 풍부합니다.', 'http://portfolio.com/4', 1, NOW(), NOW()),
(5, 5, 'yjo@naver.com', '배관 세정원 및 방역원 전문가', '051-621-1054', 2, '데이터 분석과 머신러닝 프로젝트 경험이 풍부합니다.', 'http://portfolio.com/5', 1, NOW(), NOW()),
(6, 6, 'tbag@seobae.com', '상품중개인 및 경매사 전문가', '063-344-8026', 2, 'UI/UX 디자인 실무 노하우를 알려드립니다.', 'http://portfolio.com/6', 1, NOW(), NOW()),
(7, 7, 'baghyeonsug@iibag.com', '보건의료관련 관리자 전문가', '017-270-3747', 2, '데이터 분석과 머신러닝 프로젝트 경험이 풍부합니다.', 'http://portfolio.com/7', 1, NOW(), NOW()),
(8, 8, 'wgim@yu.com', '치과 의사 전문가', '033-348-8237', 2, '10년 경력의 백엔드 개발자입니다. 실무 경험을 기반으로 멘토링을 제공합니다.', 'http://portfolio.com/8', 1, NOW(), NOW()),
(9, 9, 'anjeonghyi@baghonggim.kr', '사회복지사 전문가', '054-612-4570', 2, '10년 경력의 백엔드 개발자입니다. 실무 경험을 기반으로 멘토링을 제공합니다.', 'http://portfolio.com/9', 1, NOW(), NOW()),
(10, 10, 'yuyeongja@hanmail.net', '기타 판매관련 단순 종사원 전문가', '055-022-0816', 2, '취업 준비를 위한 포트폴리오 컨설팅을 진행합니다.', 'http://portfolio.com/10', 1, NOW(), NOW());

-- MENTORING PRODUCTS
INSERT INTO mentoring_products (product_idx, mentor_idx, title, job_category_id, description, price, is_active, created_at, updated_at) VALUES
(1, 1, '멘토링 상품 1', 2, '개발자 취업을 위한 면접 대비 멘토링입니다.', 47302, 1, NOW(), NOW()),
(2, 1, '멘토링 상품 2', 2, '현업에서 바로 적용할 수 있는 실무 중심 멘토링입니다.', 76033, 1, NOW(), NOW()),
(3, 2, '멘토링 상품 3', 2, '프론트엔드 개발의 기본기를 확실히 다질 수 있습니다.', 75063, 1, NOW(), NOW()),
(4, 2, '멘토링 상품 4', 2, '현업에서 바로 적용할 수 있는 실무 중심 멘토링입니다.', 57569, 1, NOW(), NOW()),
(5, 3, '멘토링 상품 5', 2, '프론트엔드 개발의 기본기를 확실히 다질 수 있습니다.', 49740, 1, NOW(), NOW()),
(6, 3, '멘토링 상품 6', 2, 'UI/UX 디자인 실무 경험을 바탕으로 합니다.', 32233, 1, NOW(), NOW()),
(7, 4, '멘토링 상품 7', 2, '개발자 취업을 위한 면접 대비 멘토링입니다.', 47002, 1, NOW(), NOW()),
(8, 4, '멘토링 상품 8', 2, '현업에서 바로 적용할 수 있는 실무 중심 멘토링입니다.', 61134, 1, NOW(), NOW()),
(9, 5, '멘토링 상품 9', 2, '개발자 취업을 위한 면접 대비 멘토링입니다.', 74967, 1, NOW(), NOW()),
(10, 5, '멘토링 상품 10', 2, 'UI/UX 디자인 실무 경험을 바탕으로 합니다.', 86749, 1, NOW(), NOW()),
(11, 6, '멘토링 상품 11', 2, '프론트엔드 개발의 기본기를 확실히 다질 수 있습니다.', 49924, 1, NOW(), NOW()),
(12, 6, '멘토링 상품 12', 2, 'UI/UX 디자인 실무 경험을 바탕으로 합니다.', 95801, 1, NOW(), NOW()),
(13, 7, '멘토링 상품 13', 2, '프론트엔드 개발의 기본기를 확실히 다질 수 있습니다.', 38957, 1, NOW(), NOW()),
(14, 7, '멘토링 상품 14', 2, 'UI/UX 디자인 실무 경험을 바탕으로 합니다.', 45576, 1, NOW(), NOW()),
(15, 8, '멘토링 상품 15', 2, '프론트엔드 개발의 기본기를 확실히 다질 수 있습니다.', 96426, 1, NOW(), NOW()),
(16, 8, '멘토링 상품 16', 2, '현업에서 바로 적용할 수 있는 실무 중심 멘토링입니다.', 90006, 1, NOW(), NOW()),
(17, 9, '멘토링 상품 17', 2, '데이터 분석 프로젝트 경험을 기반으로 멘토링합니다.', 32933, 1, NOW(), NOW()),
(18, 9, '멘토링 상품 18', 2, '프론트엔드 개발의 기본기를 확실히 다질 수 있습니다.', 71406, 1, NOW(), NOW()),
(19, 10, '멘토링 상품 19', 2, '프론트엔드 개발의 기본기를 확실히 다질 수 있습니다.', 91498, 1, NOW(), NOW()),
(20, 10, '멘토링 상품 20', 2, 'UI/UX 디자인 실무 경험을 바탕으로 합니다.', 72774, 1, NOW(), NOW());

-- REGULAR SLOTS
INSERT INTO mentoring_regular_slots (regular_slots_idx, product_idx, day_of_week, hour_slot, created_at, updated_at) VALUES
(12, 1, 2, 15, NOW(), NOW()),
(14, 1, 4, 12, NOW(), NOW()),
(22, 2, 2, 15, NOW(), NOW()),
(24, 2, 4, 19, NOW(), NOW()),
(32, 3, 2, 16, NOW(), NOW()),
(34, 3, 4, 12, NOW(), NOW()),
(42, 4, 2, 19, NOW(), NOW()),
(44, 4, 4, 17, NOW(), NOW()),
(52, 5, 2, 18, NOW(), NOW()),
(54, 5, 4, 9, NOW(), NOW()),
(62, 6, 2, 18, NOW(), NOW()),
(64, 6, 4, 9, NOW(), NOW()),
(72, 7, 2, 11, NOW(), NOW()),
(74, 7, 4, 19, NOW(), NOW()),
(82, 8, 2, 18, NOW(), NOW()),
(84, 8, 4, 12, NOW(), NOW()),
(92, 9, 2, 14, NOW(), NOW()),
(94, 9, 4, 14, NOW(), NOW()),
(102, 10, 2, 15, NOW(), NOW()),
(104, 10, 4, 16, NOW(), NOW()),
(112, 11, 2, 20, NOW(), NOW()),
(114, 11, 4, 16, NOW(), NOW()),
(122, 12, 2, 13, NOW(), NOW()),
(124, 12, 4, 16, NOW(), NOW()),
(132, 13, 2, 10, NOW(), NOW()),
(134, 13, 4, 15, NOW(), NOW()),
(142, 14, 2, 10, NOW(), NOW()),
(144, 14, 4, 16, NOW(), NOW()),
(152, 15, 2, 20, NOW(), NOW()),
(154, 15, 4, 11, NOW(), NOW()),
(162, 16, 2, 12, NOW(), NOW()),
(164, 16, 4, 13, NOW(), NOW()),
(172, 17, 2, 19, NOW(), NOW()),
(174, 17, 4, 12, NOW(), NOW()),
(182, 18, 2, 17, NOW(), NOW()),
(184, 18, 4, 15, NOW(), NOW()),
(192, 19, 2, 14, NOW(), NOW()),
(194, 19, 4, 19, NOW(), NOW()),
(202, 20, 2, 14, NOW(), NOW()),
(204, 20, 4, 12, NOW(), NOW());

-- PAYMENTS
INSERT INTO payments (payment_id, user_idx, product_idx, amount, payment_status, transaction_id, paid_at, created_at, updated_at) VALUES
(1, 23, 1, 47302, 'completed', 'txn_1', NOW(), NOW(), NOW()),
(2, 36, 2, 76033, 'completed', 'txn_2', NOW(), NOW(), NOW()),
(3, 20, 3, 75063, 'completed', 'txn_3', NOW(), NOW(), NOW()),
(4, 19, 4, 57569, 'completed', 'txn_4', NOW(), NOW(), NOW()),
(5, 20, 5, 49740, 'completed', 'txn_5', NOW(), NOW(), NOW()),
(6, 2, 6, 32233, 'completed', 'txn_6', NOW(), NOW(), NOW()),
(7, 40, 7, 47002, 'completed', 'txn_7', NOW(), NOW(), NOW()),
(8, 14, 8, 61134, 'completed', 'txn_8', NOW(), NOW(), NOW()),
(9, 50, 9, 74967, 'completed', 'txn_9', NOW(), NOW(), NOW()),
(10, 50, 10, 86749, 'completed', 'txn_10', NOW(), NOW(), NOW()),
(11, 32, 11, 49924, 'completed', 'txn_11', NOW(), NOW(), NOW()),
(12, 13, 12, 95801, 'completed', 'txn_12', NOW(), NOW(), NOW()),
(13, 35, 13, 38957, 'completed', 'txn_13', NOW(), NOW(), NOW()),
(14, 36, 14, 45576, 'completed', 'txn_14', NOW(), NOW(), NOW()),
(15, 3, 15, 96426, 'completed', 'txn_15', NOW(), NOW(), NOW()),
(16, 43, 16, 90006, 'completed', 'txn_16', NOW(), NOW(), NOW()),
(17, 18, 17, 32933, 'completed', 'txn_17', NOW(), NOW(), NOW()),
(18, 47, 18, 71406, 'completed', 'txn_18', NOW(), NOW(), NOW()),
(19, 5, 19, 91498, 'completed', 'txn_19', NOW(), NOW(), NOW()),
(20, 13, 20, 72774, 'completed', 'txn_20', NOW(), NOW(), NOW());

-- APPLICATIONS
INSERT INTO mentoring_applications (application_id, mentee_idx, product_idx, regular_slots_idx, booked_date, payment_id, message_to_mentor, application_status, rejection_reason, approved_at, rejected_at, completed_at, created_at, updated_at) VALUES
(1, 23, 1, 14, CURDATE(), 1, '멘토에게 메시지 1', 'approved', NULL, NOW(), NULL, NULL, NOW(), NOW()),
(2, 36, 2, 24, CURDATE(), 2, '멘토에게 메시지 2', 'approved', NULL, NOW(), NULL, NULL, NOW(), NOW()),
(3, 20, 3, 34, CURDATE(), 3, '멘토에게 메시지 3', 'approved', NULL, NOW(), NULL, NULL, NOW(), NOW()),
(4, 19, 4, 44, CURDATE(), 4, '멘토에게 메시지 4', 'approved', NULL, NOW(), NULL, NULL, NOW(), NOW()),
(5, 20, 5, 54, CURDATE(), 5, '멘토에게 메시지 5', 'approved', NULL, NOW(), NULL, NULL, NOW(), NOW()),
(6, 2, 6, 64, CURDATE(), 6, '멘토에게 메시지 6', 'approved', NULL, NOW(), NULL, NULL, NOW(), NOW()),
(7, 40, 7, 74, CURDATE(), 7, '멘토에게 메시지 7', 'approved', NULL, NOW(), NULL, NULL, NOW(), NOW()),
(8, 14, 8, 84, CURDATE(), 8, '멘토에게 메시지 8', 'approved', NULL, NOW(), NULL, NULL, NOW(), NOW()),
(9, 50, 9, 94, CURDATE(), 9, '멘토에게 메시지 9', 'approved', NULL, NOW(), NULL, NULL, NOW(), NOW()),
(10, 50, 10, 104, CURDATE(), 10, '멘토에게 메시지 10', 'approved', NULL, NOW(), NULL, NULL, NOW(), NOW()),
(11, 32, 11, 114, CURDATE(), 11, '멘토에게 메시지 11', 'approved', NULL, NOW(), NULL, NULL, NOW(), NOW()),
(12, 13, 12, 124, CURDATE(), 12, '멘토에게 메시지 12', 'approved', NULL, NOW(), NULL, NULL, NOW(), NOW()),
(13, 35, 13, 134, CURDATE(), 13, '멘토에게 메시지 13', 'approved', NULL, NOW(), NULL, NULL, NOW(), NOW()),
(14, 36, 14, 144, CURDATE(), 14, '멘토에게 메시지 14', 'approved', NULL, NOW(), NULL, NULL, NOW(), NOW()),
(15, 3, 15, 154, CURDATE(), 15, '멘토에게 메시지 15', 'approved', NULL, NOW(), NULL, NULL, NOW(), NOW()),
(16, 43, 16, 164, CURDATE(), 16, '멘토에게 메시지 16', 'approved', NULL, NOW(), NULL, NULL, NOW(), NOW()),
(17, 18, 17, 174, CURDATE(), 17, '멘토에게 메시지 17', 'approved', NULL, NOW(), NULL, NULL, NOW(), NOW()),
(18, 47, 18, 184, CURDATE(), 18, '멘토에게 메시지 18', 'approved', NULL, NOW(), NULL, NULL, NOW(), NOW()),
(19, 5, 19, 194, CURDATE(), 19, '멘토에게 메시지 19', 'approved', NULL, NOW(), NULL, NULL, NOW(), NOW()),
(20, 13, 20, 204, CURDATE(), 20, '멘토에게 메시지 20', 'approved', NULL, NOW(), NULL, NULL, NOW(), NOW());

-- REVIEWS
INSERT INTO mentoring_reviews (review_idx, application_id, product_idx, mentee_idx, rating, review_content, created_at, updated_at) VALUES
(1, 7, 10, 48, 5, '추천드리고 싶은 멘토링입니다.', NOW(), NOW()),
(2, 19, 3, 7, 5, '짧은 시간이었지만 많은 것을 배울 수 있었습니다.', NOW(), NOW()),
(3, 11, 10, 37, 4, '추천드리고 싶은 멘토링입니다.', NOW(), NOW()),
(4, 20, 3, 20, 5, '실무에 바로 적용할 수 있는 꿀팁을 많이 배웠습니다.', NOW(), NOW()),
(5, 12, 5, 48, 4, '추천드리고 싶은 멘토링입니다.', NOW(), NOW()),
(6, 5, 14, 31, 3, '추천드리고 싶은 멘토링입니다.', NOW(), NOW()),
(7, 3, 2, 49, 3, '짧은 시간이었지만 많은 것을 배울 수 있었습니다.', NOW(), NOW()),
(8, 12, 20, 37, 5, '실무에 바로 적용할 수 있는 꿀팁을 많이 배웠습니다.', NOW(), NOW()),
(9, 16, 14, 7, 4, '추천드리고 싶은 멘토링입니다.', NOW(), NOW()),
(10, 11, 5, 4, 3, '실무에 바로 적용할 수 있는 꿀팁을 많이 배웠습니다.', NOW(), NOW()),
(11, 19, 8, 34, 3, '추천드리고 싶은 멘토링입니다.', NOW(), NOW()),
(12, 7, 7, 39, 4, '멘토님이 정말 친절하게 설명해주셔서 이해가 쉬웠습니다.', NOW(), NOW()),
(13, 1, 16, 2, 5, '실제 예시를 들어주셔서 도움이 많이 되었어요.', NOW(), NOW()),
(14, 1, 9, 50, 3, '멘토님이 정말 친절하게 설명해주셔서 이해가 쉬웠습니다.', NOW(), NOW()),
(15, 4, 5, 3, 4, '추천드리고 싶은 멘토링입니다.', NOW(), NOW()),
(16, 18, 9, 13, 5, '추천드리고 싶은 멘토링입니다.', NOW(), NOW()),
(17, 9, 4, 12, 5, '짧은 시간이었지만 많은 것을 배울 수 있었습니다.', NOW(), NOW()),
(18, 3, 15, 26, 3, '짧은 시간이었지만 많은 것을 배울 수 있었습니다.', NOW(), NOW()),
(19, 20, 20, 26, 4, '실제 예시를 들어주셔서 도움이 많이 되었어요.', NOW(), NOW()),
(20, 20, 10, 19, 3, '추천드리고 싶은 멘토링입니다.', NOW(), NOW()),
(21, 8, 18, 40, 4, '실제 예시를 들어주셔서 도움이 많이 되었어요.', NOW(), NOW()),
(22, 15, 12, 3, 3, '짧은 시간이었지만 많은 것을 배울 수 있었습니다.', NOW(), NOW()),
(23, 8, 13, 15, 5, '추천드리고 싶은 멘토링입니다.', NOW(), NOW()),
(24, 4, 20, 30, 5, '짧은 시간이었지만 많은 것을 배울 수 있었습니다.', NOW(), NOW()),
(25, 20, 9, 18, 4, '짧은 시간이었지만 많은 것을 배울 수 있었습니다.', NOW(), NOW()),
(26, 4, 1, 11, 4, '실제 예시를 들어주셔서 도움이 많이 되었어요.', NOW(), NOW()),
(27, 10, 17, 39, 5, '추천드리고 싶은 멘토링입니다.', NOW(), NOW()),
(28, 2, 5, 17, 4, '추천드리고 싶은 멘토링입니다.', NOW(), NOW()),
(29, 4, 3, 18, 3, '실무에 바로 적용할 수 있는 꿀팁을 많이 배웠습니다.', NOW(), NOW()),
(30, 13, 4, 6, 4, '멘토님이 정말 친절하게 설명해주셔서 이해가 쉬웠습니다.', NOW(), NOW()),
(31, 2, 16, 13, 5, '추천드리고 싶은 멘토링입니다.', NOW(), NOW()),
(32, 6, 3, 45, 5, '멘토님이 정말 친절하게 설명해주셔서 이해가 쉬웠습니다.', NOW(), NOW()),
(33, 10, 11, 15, 3, '추천드리고 싶은 멘토링입니다.', NOW(), NOW()),
(34, 7, 2, 35, 5, '실무에 바로 적용할 수 있는 꿀팁을 많이 배웠습니다.', NOW(), NOW()),
(35, 12, 1, 45, 5, '실제 예시를 들어주셔서 도움이 많이 되었어요.', NOW(), NOW()),
(36, 4, 16, 26, 5, '멘토님이 정말 친절하게 설명해주셔서 이해가 쉬웠습니다.', NOW(), NOW()),
(37, 1, 18, 23, 5, '실무에 바로 적용할 수 있는 꿀팁을 많이 배웠습니다.', NOW(), NOW()),
(38, 16, 6, 28, 4, '추천드리고 싶은 멘토링입니다.', NOW(), NOW()),
(39, 16, 18, 18, 4, '멘토님이 정말 친절하게 설명해주셔서 이해가 쉬웠습니다.', NOW(), NOW()),
(40, 9, 7, 11, 3, '실무에 바로 적용할 수 있는 꿀팁을 많이 배웠습니다.', NOW(), NOW()),
(41, 19, 10, 22, 3, '실제 예시를 들어주셔서 도움이 많이 되었어요.', NOW(), NOW()),
(42, 12, 2, 23, 3, '추천드리고 싶은 멘토링입니다.', NOW(), NOW()),
(43, 16, 20, 43, 4, '멘토님이 정말 친절하게 설명해주셔서 이해가 쉬웠습니다.', NOW(), NOW()),
(44, 5, 19, 32, 5, '멘토님이 정말 친절하게 설명해주셔서 이해가 쉬웠습니다.', NOW(), NOW()),
(45, 19, 16, 38, 4, '실제 예시를 들어주셔서 도움이 많이 되었어요.', NOW(), NOW()),
(46, 14, 2, 44, 5, '짧은 시간이었지만 많은 것을 배울 수 있었습니다.', NOW(), NOW()),
(47, 3, 7, 21, 3, '추천드리고 싶은 멘토링입니다.', NOW(), NOW()),
(48, 9, 13, 14, 3, '짧은 시간이었지만 많은 것을 배울 수 있었습니다.', NOW(), NOW()),
(49, 12, 17, 7, 4, '짧은 시간이었지만 많은 것을 배울 수 있었습니다.', NOW(), NOW()),
(50, 2, 10, 20, 5, '추천드리고 싶은 멘토링입니다.', NOW(), NOW());

SET FOREIGN_KEY_CHECKS = 1;
